-- Insert sample data into the category table
INSERT INTO category (name) VALUES
('Electronics'),
('Books'),
('Clothing'),
('Home & Kitchen'),
('Sports & Outdoors'),
('Toys & Games'),
('Beauty & Personal Care'),
('Automotive'),
('Garden & Outdoor'),
('Health & Household'),
('Baby'),
('Grocery'),
('Pet Supplies'),
('Office Products'),
('Tools & Home Improvement'),
('Industrial & Scientific'),
('Musical Instruments'),
('Software'),
('Jewelry'),
('Shoes');

-- Insert sample data into the product table
INSERT INTO product (name, manufacturer, price, stock_quantity, description, avg_rating) VALUES
('Smartphone', 'TechBrand', 699.99, 150, 'Latest model smartphone with advanced features.', 4.5),
('Laptop', 'CompTech', 999.99, 75, 'High-performance laptop for all your computing needs.', 4.7),
('Running Shoes', 'Sporty', 89.99, 200, 'Comfortable running shoes for all terrains.', 4.2),
('Blender', 'HomeMaker', 49.99, 100, 'Powerful blender for smoothies and more.', 4.0),
('Science Fiction Novel', 'BookPress', 15.99, 300, 'Bestselling science fiction novel.', 4.8),
('Headphones', 'AudioPhonic', 149.99, 250, 'Noise-cancelling over-ear headphones.', 4.6),
('T-Shirt', 'FashionWear', 19.99, 500, 'Cotton t-shirt with various designs.', 4.3),
('Microwave Oven', 'KitchenMaster', 89.99, 100, 'Compact microwave oven with multiple settings.', 4.1),
('Yoga Mat', 'FitLife', 25.99, 150, 'Non-slip yoga mat for all exercises.', 4.4),
('Board Game', 'FunTime', 29.99, 200, 'Popular board game for all ages.', 4.7),
('Shampoo', 'BeautyCo', 12.99, 300, 'Sulfate-free shampoo for all hair types.', 4.5),
('Car Vacuum', 'AutoClean', 39.99, 100, 'Portable car vacuum cleaner.', 4.2),
('Garden Hose', 'GreenThumb', 24.99, 150, 'Durable garden hose with spray nozzle.', 4.3),
('Vitamin C', 'HealthFirst', 14.99, 400, 'Vitamin C supplements.', 4.8),
('Baby Stroller', 'BabyGear', 149.99, 50, 'Lightweight baby stroller.', 4.6),
('Organic Coffee', 'BrewMaster', 11.99, 200, 'Organic ground coffee.', 4.9),
('Dog Food', 'PetFeast', 45.99, 80, 'Nutritional dog food.', 4.7),
('Desk Chair', 'OfficeComfort', 89.99, 70, 'Ergonomic desk chair.', 4.4),
('Cordless Drill', 'ToolMan', 59.99, 90, 'Cordless drill with battery and charger.', 4.3),
('Electric Guitar', 'MusicPro', 299.99, 40, 'Electric guitar with accessories.', 4.9);

-- Insert sample data into the customer table
INSERT INTO customer (email, full_name, address, payment_method) VALUES
('john.doe@example.com', 'John Doe', '123 Elm Street', 'Credit Card'),
('jane.smith@example.com', 'Jane Smith', '456 Oak Avenue', 'PayPal'),
('alice.johnson@example.com', 'Alice Johnson', '789 Pine Road', 'Credit Card'),
('bob.williams@example.com', 'Bob Williams', '321 Maple Lane', 'Debit Card'),
('eve.davis@example.com', 'Eve Davis', '654 Cedar Boulevard', 'Credit Card'),
('mike.brown@example.com', 'Mike Brown', '987 Willow Drive', 'PayPal'),
('linda.white@example.com', 'Linda White', '345 Birch Street', 'Debit Card'),
('sarah.green@example.com', 'Sarah Green', '678 Aspen Court', 'Credit Card'),
('david.hall@example.com', 'David Hall', '234 Spruce Avenue', 'PayPal'),
('laura.king@example.com', 'Laura King', '567 Oakwood Road', 'Credit Card'),
('kevin.lee@example.com', 'Kevin Lee', '890 Pinecrest Lane', 'Debit Card'),
('emma.wright@example.com', 'Emma Wright', '432 Maplewood Drive', 'Credit Card'),
('ryan.walker@example.com', 'Ryan Walker', '109 Cedar Point', 'PayPal'),
('olivia.scott@example.com', 'Olivia Scott', '765 Oak Hill', 'Debit Card'),
('noah.young@example.com', 'Noah Young', '123 Birchwood', 'Credit Card'),
('mia.martin@example.com', 'Mia Martin', '456 Pineview', 'PayPal'),
('jackson.adams@example.com', 'Jackson Adams', '789 Maple Grove', 'Debit Card'),
('sophia.thomas@example.com', 'Sophia Thomas', '321 Cedar Ridge', 'Credit Card'),
('aiden.roberts@example.com', 'Aiden Roberts', '654 Oak Park', 'PayPal'),
('ava.james@example.com', 'Ava James', '987 Pine Valley', 'Credit Card');

-- Insert sample data into the review table
INSERT INTO review (product_id, customer_id, title, review_text, rating) VALUES
(1, 1, 'Great smartphone', 'This smartphone has exceeded my expectations.', 5),
(2, 2, 'Good laptop', 'The laptop performs well for daily tasks.', 4),
(3, 3, 'Comfortable shoes', 'These shoes are very comfortable and fit well.', 4),
(4, 4, 'Average blender', 'The blender works fine but could be better.', 3),
(5, 5, 'Amazing book', 'I couldn\'t put this book down.', 5),
(6, 6, 'Excellent headphones', 'The noise-cancelling feature is superb.', 5),
(7, 7, 'Nice t-shirt', 'The fabric is soft and the design is cool.', 4),
(8, 8, 'Useful microwave', 'Heats food quickly and evenly.', 4),
(9, 9, 'Good yoga mat', 'Provides good grip and cushioning.', 4),
(10, 10, 'Fun board game', 'Great game for family night.', 5),
(11, 11, 'Great shampoo', 'Leaves my hair feeling clean and soft.', 5),
(12, 12, 'Handy car vacuum', 'Makes cleaning my car easy.', 4),
(13, 13, 'Durable garden hose', 'No leaks and easy to use.', 4),
(14, 14, 'Effective vitamin C', 'I feel healthier since I started taking these.', 5),
(15, 15, 'Sturdy stroller', 'Easy to maneuver and my baby loves it.', 5),
(16, 16, 'Delicious coffee', 'Best coffee I\'ve ever had.', 5),
(17, 17, 'My dog loves this food', 'High-quality ingredients.', 5),
(18, 18, 'Comfortable chair', 'Perfect for my home office.', 4),
(19, 19, 'Powerful drill', 'Makes DIY projects a breeze.', 4),
(20, 20, 'Awesome guitar', 'Great sound and quality.', 5);

-- Insert sample data into the order_status table
INSERT INTO order_status (status) VALUES
('Pending'),
('Shipped'),
('Delivered'),
('Cancelled'),
('Processing'),
('Returned'),
('Refunded'),
('Completed'),
('On Hold'),
('Awaiting Payment'),
('Awaiting Fulfillment'),
('Awaiting Shipment'),
('Partially Shipped'),
('Partially Refunded'),
('Disputed'),
('Awaiting Pickup'),
('Order Received'),
('In Production'),
('Transferred'),
('Pending Approval');

-- Insert sample data into the order table
INSERT INTO `order` (customer_id, order_datetime, delivery_date, total_cost, status_id) VALUES
(1, '2023-05-01 10:00:00', '2023-05-05', 715.99, 1),
(2, '2023-05-02 11:30:00', '2023-05-06', 1045.99, 2),
(3, '2023-05-03 14:15:00', '2023-05-07', 109.99, 3),
(4, '2023-05-04 09:45:00', '2023-05-08', 54.99, 4),
(5, '2023-05-05 13:20:00', '2023-05-09', 18.99, 5),
(6, '2023-05-06 15:30:00', '2023-05-10', 179.99, 6),
(7, '2023-05-07 08:50:00', '2023-05-11', 234.99, 7),
(8, '2023-05-08 12:10:00', '2023-05-12', 45.99, 8),
(9, '2023-05-09 14:25:00', '2023-05-13', 299.99, 9),
(10, '2023-05-10 16:40:00', '2023-05-14', 89.99, 10),
(11, '2023-05-11 10:55:00', '2023-05-15', 124.99, 11),
(12, '2023-05-12 13:10:00', '2023-05-16', 78.99, 12),
(13, '2023-05-13 15:25:00', '2023-05-17', 159.99, 13),
(14, '2023-05-14 08:40:00', '2023-05-18', 99.99, 14),
(15, '2023-05-15 11:55:00', '2023-05-19', 215.99, 15),
(16, '2023-05-16 14:10:00', '2023-05-20', 349.99, 16),
(17, '2023-05-17 16:25:00', '2023-05-21', 78.99, 17),
(18, '2023-05-18 08:40:00', '2023-05-22', 129.99, 18),
(19, '2023-05-19 10:55:00', '2023-05-23', 59.99, 19),
(20, '2023-05-20 13:10:00', '2023-05-24', 299.99, 20);

-- Insert sample data into the belongs_to table
INSERT INTO belongs_to (product_id, category_id) VALUES
(1, 1),
(2, 1),
(3, 3),
(4, 4),
(5, 2),
(6, 1),
(7, 3),
(8, 4),
(9, 5),
(10, 6),
(11, 7),
(12, 8),
(13, 9),
(14, 10),
(15, 11),
(16, 12),
(17, 13),
(18, 14),
(19, 15),
(20, 16);

-- Insert sample data into the contains table
INSERT INTO contains (order_id, product_id, quantity, price) VALUES
(1, 1, 1, 699.99),
(1, 5, 1, 15.99),
(2, 2, 1, 999.99),
(2, 3, 1, 89.99),
(3, 4, 1, 49.99),
(3, 10, 2, 29.99),
(4, 6, 1, 149.99),
(4, 11, 2, 12.99),
(5, 7, 1, 19.99),
(5, 9, 1, 25.99),
(6, 8, 1, 89.99),
(6, 14, 1, 14.99),
(7, 13, 1, 24.99),
(7, 16, 2, 11.99),
(8, 12, 1, 39.99),
(8, 17, 1, 45.99),
(9, 18, 1, 89.99),
(9, 20, 1, 299.99),
(10, 19, 1, 59.99),
(10, 15, 1, 149.99);

