INSERT INTO `series` (`id`, `name`) VALUES (1, 'vero');
INSERT INTO `series` (`id`, `name`) VALUES (2, 'illo');
INSERT INTO `series` (`id`, `name`) VALUES (3, 'porro');
INSERT INTO `series` (`id`, `name`) VALUES (4, 'quasi');
INSERT INTO `series` (`id`, `name`) VALUES (5, 'veritatis');
INSERT INTO `series` (`id`, `name`) VALUES (6, 'atque');
INSERT INTO `series` (`id`, `name`) VALUES (7, 'ullam');
INSERT INTO `series` (`id`, `name`) VALUES (8, 'quis');
INSERT INTO `series` (`id`, `name`) VALUES (9, 'et');
INSERT INTO `series` (`id`, `name`) VALUES (10, 'quia');

INSERT INTO `content` (`id`, `title`, `release_date`, `country`, `plot`, `rating`, `series_id`) VALUES (1, 'Laboriosam enim pariatur illum velit ducimus.', '2016-07-26', '1', NULL, '5', 5);
INSERT INTO `content` (`id`, `title`, `release_date`, `country`, `plot`, `rating`, `series_id`) VALUES (2, 'Ex enim consequuntur vero tenetur.', '2006-04-04', '898', NULL, '10', 5);
INSERT INTO `content` (`id`, `title`, `release_date`, `country`, `plot`, `rating`, `series_id`) VALUES (3, 'Impedit blanditiis sunt ea eos.', '2015-08-18', '530722', NULL, '7', 5);
INSERT INTO `content` (`id`, `title`, `release_date`, `country`, `plot`, `rating`, `series_id`) VALUES (4, 'Veritatis repellat expedita non aperiam.', '2018-05-17', '395033334', NULL, '3', 1);
INSERT INTO `content` (`id`, `title`, `release_date`, `country`, `plot`, `rating`, `series_id`) VALUES (5, 'Ipsa perspiciatis expedita quidem.', '1994-08-24', '', NULL, '6', 2);
INSERT INTO `content` (`id`, `title`, `release_date`, `country`, `plot`, `rating`, `series_id`) VALUES (6, 'Ut architecto quo quia corrupti qui.', '2014-08-12', '770', NULL, '2', 1);
INSERT INTO `content` (`id`, `title`, `release_date`, `country`, `plot`, `rating`, `series_id`) VALUES (7, 'Minus dolorem sequi voluptas voluptatem.', '1988-01-09', '913', NULL, '1', 3);
INSERT INTO `content` (`id`, `title`, `release_date`, `country`, `plot`, `rating`, `series_id`) VALUES (8, 'Facere facilis dicta aut et quod odio enim.', '1980-03-01', '3361912', NULL, '8', 6);
INSERT INTO `content` (`id`, `title`, `release_date`, `country`, `plot`, `rating`, `series_id`) VALUES (9, 'Mollitia cupiditate laborum quas non vel ut.', '2000-08-04', '665', NULL, '4', 9);

INSERT INTO `content_genre` (`id`, `name`) VALUES (9, 'aliquid');
INSERT INTO `content_genre` (`id`, `name`) VALUES (10, 'amet');
INSERT INTO `content_genre` (`id`, `name`) VALUES (7, 'enim');
INSERT INTO `content_genre` (`id`, `name`) VALUES (8, 'et');
INSERT INTO `content_genre` (`id`, `name`) VALUES (3, 'fugit');
INSERT INTO `content_genre` (`id`, `name`) VALUES (4, 'maxime');
INSERT INTO `content_genre` (`id`, `name`) VALUES (6, 'perferendis');
INSERT INTO `content_genre` (`id`, `name`) VALUES (1, 'qui');
INSERT INTO `content_genre` (`id`, `name`) VALUES (2, 'quia');
INSERT INTO `content_genre` (`id`, `name`) VALUES (5, 'repudiandae');

INSERT INTO `crew` (`id`, `first_name`, `family_name`, `birthdate`) VALUES (1, 'Kurt', 'vitae', '1983-02-18');
INSERT INTO `crew` (`id`, `first_name`, `family_name`, `birthdate`) VALUES (2, 'Gail', 'iusto', '1997-06-11');
INSERT INTO `crew` (`id`, `first_name`, `family_name`, `birthdate`) VALUES (3, 'Carmel', 'ratione', '2012-01-02');
INSERT INTO `crew` (`id`, `first_name`, `family_name`, `birthdate`) VALUES (4, 'Godfrey', 'id', '2012-08-15');
INSERT INTO `crew` (`id`, `first_name`, `family_name`, `birthdate`) VALUES (5, 'Sherwood', 'rem', '1982-10-22');
INSERT INTO `crew` (`id`, `first_name`, `family_name`, `birthdate`) VALUES (6, 'Dewitt', 'quos', '1990-01-15');
INSERT INTO `crew` (`id`, `first_name`, `family_name`, `birthdate`) VALUES (7, 'Kobe', 'ab', '1981-08-02');
INSERT INTO `crew` (`id`, `first_name`, `family_name`, `birthdate`) VALUES (8, 'Luella', 'corporis', '2022-06-06');
INSERT INTO `crew` (`id`, `first_name`, `family_name`, `birthdate`) VALUES (9, 'Tobin', 'magnam', '2022-12-19');
INSERT INTO `crew` (`id`, `first_name`, `family_name`, `birthdate`) VALUES (10, 'Nyasia', 'soluta', '1993-06-02');
INSERT INTO `crew` (`id`, `first_name`, `family_name`, `birthdate`) VALUES (11, 'Cathy', 'eaque', '1973-02-12');
INSERT INTO `crew` (`id`, `first_name`, `family_name`, `birthdate`) VALUES (12, 'Ellie', 'assumenda', '1980-03-02');
INSERT INTO `crew` (`id`, `first_name`, `family_name`, `birthdate`) VALUES (13, 'Reina', 'iusto', '1974-10-14');
INSERT INTO `crew` (`id`, `first_name`, `family_name`, `birthdate`) VALUES (14, 'Austin', 'ipsa', '1992-07-31');
INSERT INTO `crew` (`id`, `first_name`, `family_name`, `birthdate`) VALUES (15, 'Candace', 'quasi', '1988-10-25');
INSERT INTO `crew` (`id`, `first_name`, `family_name`, `birthdate`) VALUES (16, 'Kiley', 'quo', '1979-02-09');
INSERT INTO `crew` (`id`, `first_name`, `family_name`, `birthdate`) VALUES (17, 'Alek', 'perferendis', '1976-07-07');
INSERT INTO `crew` (`id`, `first_name`, `family_name`, `birthdate`) VALUES (18, 'Keon', 'qui', '2010-05-14');
INSERT INTO `crew` (`id`, `first_name`, `family_name`, `birthdate`) VALUES (19, 'Andreanne', 'assumenda', '1989-06-03');
INSERT INTO `crew` (`id`, `first_name`, `family_name`, `birthdate`) VALUES (20, 'Alvera', 'ut', '1990-04-03');
INSERT INTO `crew` (`id`, `first_name`, `family_name`, `birthdate`) VALUES (21, 'Ellsworth', 'neque', '1994-03-28');
INSERT INTO `crew` (`id`, `first_name`, `family_name`, `birthdate`) VALUES (22, 'Jennyfer', 'corporis', '1998-06-19');
INSERT INTO `crew` (`id`, `first_name`, `family_name`, `birthdate`) VALUES (23, 'Jordi', 'doloribus', '1971-12-01');
INSERT INTO `crew` (`id`, `first_name`, `family_name`, `birthdate`) VALUES (24, 'Thad', 'qui', '2018-12-09');
INSERT INTO `crew` (`id`, `first_name`, `family_name`, `birthdate`) VALUES (25, 'Shaina', 'corrupti', '2021-08-07');
INSERT INTO `crew` (`id`, `first_name`, `family_name`, `birthdate`) VALUES (26, 'Kevin', 'omnis', '1971-07-14');
INSERT INTO `crew` (`id`, `first_name`, `family_name`, `birthdate`) VALUES (27, 'Kaycee', 'dolores', '1998-10-27');
INSERT INTO `crew` (`id`, `first_name`, `family_name`, `birthdate`) VALUES (28, 'Rickie', 'cumque', '2013-01-18');
INSERT INTO `crew` (`id`, `first_name`, `family_name`, `birthdate`) VALUES (29, 'Elva', 'dolorem', '1987-04-08');
INSERT INTO `crew` (`id`, `first_name`, `family_name`, `birthdate`) VALUES (30, 'Timothy', 'ea', '2012-07-08');
INSERT INTO `crew` (`id`, `first_name`, `family_name`, `birthdate`) VALUES (31, 'Quinn', 'vel', '2007-07-31');
INSERT INTO `crew` (`id`, `first_name`, `family_name`, `birthdate`) VALUES (32, 'Dina', 'reiciendis', '1997-01-30');
INSERT INTO `crew` (`id`, `first_name`, `family_name`, `birthdate`) VALUES (33, 'Lyric', 'consequuntur', '1985-10-01');
INSERT INTO `crew` (`id`, `first_name`, `family_name`, `birthdate`) VALUES (34, 'Myrna', 'nam', '1994-06-23');
INSERT INTO `crew` (`id`, `first_name`, `family_name`, `birthdate`) VALUES (35, 'Fern', 'aut', '1970-06-28');
INSERT INTO `crew` (`id`, `first_name`, `family_name`, `birthdate`) VALUES (36, 'Isaias', 'rerum', '1977-12-06');
INSERT INTO `crew` (`id`, `first_name`, `family_name`, `birthdate`) VALUES (37, 'Scarlett', 'harum', '2016-01-07');
INSERT INTO `crew` (`id`, `first_name`, `family_name`, `birthdate`) VALUES (38, 'Murphy', 'provident', '2019-07-19');
INSERT INTO `crew` (`id`, `first_name`, `family_name`, `birthdate`) VALUES (39, 'Erika', 'itaque', '1994-01-22');
INSERT INTO `crew` (`id`, `first_name`, `family_name`, `birthdate`) VALUES (40, 'Dayana', 'illo', '2009-04-25');
INSERT INTO `crew` (`id`, `first_name`, `family_name`, `birthdate`) VALUES (41, 'Lizzie', 'quae', '2013-06-13');
INSERT INTO `crew` (`id`, `first_name`, `family_name`, `birthdate`) VALUES (42, 'Ima', 'dignissimos', '1984-08-03');
INSERT INTO `crew` (`id`, `first_name`, `family_name`, `birthdate`) VALUES (43, 'Judge', 'ipsam', '2014-05-08');
INSERT INTO `crew` (`id`, `first_name`, `family_name`, `birthdate`) VALUES (44, 'Ariane', 'officiis', '1993-11-05');
INSERT INTO `crew` (`id`, `first_name`, `family_name`, `birthdate`) VALUES (45, 'Vincent', 'porro', '1970-06-07');
INSERT INTO `crew` (`id`, `first_name`, `family_name`, `birthdate`) VALUES (46, 'Mina', 'eum', '1988-12-27');
INSERT INTO `crew` (`id`, `first_name`, `family_name`, `birthdate`) VALUES (47, 'Hassie', 'totam', '1998-04-29');
INSERT INTO `crew` (`id`, `first_name`, `family_name`, `birthdate`) VALUES (48, 'Linnea', 'vel', '2001-08-28');
INSERT INTO `crew` (`id`, `first_name`, `family_name`, `birthdate`) VALUES (49, 'Adrain', 'nostrum', '2004-03-19');
INSERT INTO `crew` (`id`, `first_name`, `family_name`, `birthdate`) VALUES (50, 'Constantin', 'inventore', '1981-03-09');
INSERT INTO `crew` (`id`, `first_name`, `family_name`, `birthdate`) VALUES (51, 'Emelia', 'at', '2000-12-21');
INSERT INTO `crew` (`id`, `first_name`, `family_name`, `birthdate`) VALUES (52, 'Candelario', 'odio', '1980-05-29');
INSERT INTO `crew` (`id`, `first_name`, `family_name`, `birthdate`) VALUES (53, 'Oswaldo', 'magnam', '1986-06-04');
INSERT INTO `crew` (`id`, `first_name`, `family_name`, `birthdate`) VALUES (54, 'Roy', 'debitis', '2013-10-21');
INSERT INTO `crew` (`id`, `first_name`, `family_name`, `birthdate`) VALUES (55, 'Zelda', 'occaecati', '1970-11-27');
INSERT INTO `crew` (`id`, `first_name`, `family_name`, `birthdate`) VALUES (56, 'Donny', 'ipsam', '1981-02-17');
INSERT INTO `crew` (`id`, `first_name`, `family_name`, `birthdate`) VALUES (57, 'General', 'est', '2008-09-29');
INSERT INTO `crew` (`id`, `first_name`, `family_name`, `birthdate`) VALUES (58, 'Kiera', 'veniam', '2018-04-30');
INSERT INTO `crew` (`id`, `first_name`, `family_name`, `birthdate`) VALUES (59, 'Zora', 'repellat', '1993-04-11');
INSERT INTO `crew` (`id`, `first_name`, `family_name`, `birthdate`) VALUES (60, 'Melisa', 'qui', '1987-09-20');
INSERT INTO `crew` (`id`, `first_name`, `family_name`, `birthdate`) VALUES (61, 'Meagan', 'corrupti', '1989-08-17');
INSERT INTO `crew` (`id`, `first_name`, `family_name`, `birthdate`) VALUES (62, 'Candido', 'dicta', '1981-09-22');
INSERT INTO `crew` (`id`, `first_name`, `family_name`, `birthdate`) VALUES (63, 'Judge', 'ut', '1982-08-06');
INSERT INTO `crew` (`id`, `first_name`, `family_name`, `birthdate`) VALUES (64, 'Jakob', 'sed', '1999-08-21');
INSERT INTO `crew` (`id`, `first_name`, `family_name`, `birthdate`) VALUES (65, 'Kamron', 'sed', '1973-03-30');
INSERT INTO `crew` (`id`, `first_name`, `family_name`, `birthdate`) VALUES (66, 'Ernie', 'voluptatem', '1992-03-09');
INSERT INTO `crew` (`id`, `first_name`, `family_name`, `birthdate`) VALUES (67, 'Jamey', 'dolorum', '1995-09-21');
INSERT INTO `crew` (`id`, `first_name`, `family_name`, `birthdate`) VALUES (68, 'Monserrat', 'est', '1972-07-29');
INSERT INTO `crew` (`id`, `first_name`, `family_name`, `birthdate`) VALUES (69, 'Horacio', 'dolor', '2004-06-17');
INSERT INTO `crew` (`id`, `first_name`, `family_name`, `birthdate`) VALUES (70, 'Dereck', 'itaque', '1978-05-13');
INSERT INTO `crew` (`id`, `first_name`, `family_name`, `birthdate`) VALUES (71, 'Rahsaan', 'blanditiis', '1978-07-11');
INSERT INTO `crew` (`id`, `first_name`, `family_name`, `birthdate`) VALUES (72, 'Yesenia', 'enim', '2013-11-09');
INSERT INTO `crew` (`id`, `first_name`, `family_name`, `birthdate`) VALUES (73, 'Mac', 'voluptatum', '1978-08-24');
INSERT INTO `crew` (`id`, `first_name`, `family_name`, `birthdate`) VALUES (74, 'Ansley', 'omnis', '1983-12-12');
INSERT INTO `crew` (`id`, `first_name`, `family_name`, `birthdate`) VALUES (75, 'Everardo', 'libero', '1973-04-04');
INSERT INTO `crew` (`id`, `first_name`, `family_name`, `birthdate`) VALUES (76, 'Estrella', 'rerum', '2012-11-10');
INSERT INTO `crew` (`id`, `first_name`, `family_name`, `birthdate`) VALUES (77, 'Michele', 'voluptatem', '2003-01-23');
INSERT INTO `crew` (`id`, `first_name`, `family_name`, `birthdate`) VALUES (78, 'Kenna', 'at', '1973-05-31');
INSERT INTO `crew` (`id`, `first_name`, `family_name`, `birthdate`) VALUES (79, 'Kennedy', 'natus', '1987-09-17');
INSERT INTO `crew` (`id`, `first_name`, `family_name`, `birthdate`) VALUES (80, 'Frida', 'aut', '1974-11-08');
INSERT INTO `crew` (`id`, `first_name`, `family_name`, `birthdate`) VALUES (81, 'Hattie', 'facilis', '1976-04-13');
INSERT INTO `crew` (`id`, `first_name`, `family_name`, `birthdate`) VALUES (82, 'Felicia', 'architecto', '2005-10-29');
INSERT INTO `crew` (`id`, `first_name`, `family_name`, `birthdate`) VALUES (83, 'Earline', 'cupiditate', '2014-09-03');
INSERT INTO `crew` (`id`, `first_name`, `family_name`, `birthdate`) VALUES (84, 'Wilbert', 'voluptatem', '1983-10-27');
INSERT INTO `crew` (`id`, `first_name`, `family_name`, `birthdate`) VALUES (85, 'Freida', 'modi', '2020-01-30');
INSERT INTO `crew` (`id`, `first_name`, `family_name`, `birthdate`) VALUES (86, 'Claud', 'architecto', '1985-08-29');
INSERT INTO `crew` (`id`, `first_name`, `family_name`, `birthdate`) VALUES (87, 'Lelah', 'rerum', '2007-11-05');
INSERT INTO `crew` (`id`, `first_name`, `family_name`, `birthdate`) VALUES (88, 'Mikel', 'eaque', '1973-06-30');
INSERT INTO `crew` (`id`, `first_name`, `family_name`, `birthdate`) VALUES (89, 'Luz', 'ut', '1972-09-29');
INSERT INTO `crew` (`id`, `first_name`, `family_name`, `birthdate`) VALUES (90, 'Quinn', 'ratione', '1978-10-23');
INSERT INTO `crew` (`id`, `first_name`, `family_name`, `birthdate`) VALUES (91, 'Heaven', 'quidem', '2008-10-15');
INSERT INTO `crew` (`id`, `first_name`, `family_name`, `birthdate`) VALUES (92, 'Darrin', 'voluptas', '2009-10-02');
INSERT INTO `crew` (`id`, `first_name`, `family_name`, `birthdate`) VALUES (93, 'Estevan', 'cum', '2004-02-06');
INSERT INTO `crew` (`id`, `first_name`, `family_name`, `birthdate`) VALUES (94, 'Lavinia', 'aut', '1974-03-25');
INSERT INTO `crew` (`id`, `first_name`, `family_name`, `birthdate`) VALUES (95, 'Heaven', 'incidunt', '2005-03-03');
INSERT INTO `crew` (`id`, `first_name`, `family_name`, `birthdate`) VALUES (96, 'Jose', 'similique', '2019-12-13');
INSERT INTO `crew` (`id`, `first_name`, `family_name`, `birthdate`) VALUES (97, 'Willard', 'expedita', '1990-12-20');
INSERT INTO `crew` (`id`, `first_name`, `family_name`, `birthdate`) VALUES (98, 'Giovanny', 'fuga', '1997-03-04');
INSERT INTO `crew` (`id`, `first_name`, `family_name`, `birthdate`) VALUES (99, 'Oscar', 'beatae', '2000-01-28');
INSERT INTO `crew` (`id`, `first_name`, `family_name`, `birthdate`) VALUES (100, 'Monserrate', 'qui', '2003-01-24');

INSERT INTO `content_role` (`role_name`, `content_id`, `crew_id`) VALUES ('repudiandae', 1, 1);
INSERT INTO `content_role` (`role_name`, `content_id`, `crew_id`) VALUES ('voluptatibus', 2, 2);
INSERT INTO `content_role` (`role_name`, `content_id`, `crew_id`) VALUES ('quia', 3, 3);
INSERT INTO `content_role` (`role_name`, `content_id`, `crew_id`) VALUES ('expedita', 4, 4);
INSERT INTO `content_role` (`role_name`, `content_id`, `crew_id`) VALUES ('rem', 5, 5);
INSERT INTO `content_role` (`role_name`, `content_id`, `crew_id`) VALUES ('aut', 6, 6);
INSERT INTO `content_role` (`role_name`, `content_id`, `crew_id`) VALUES ('voluptas', 7, 7);
INSERT INTO `content_role` (`role_name`, `content_id`, `crew_id`) VALUES ('hic', 8, 8);
INSERT INTO `content_role` (`role_name`, `content_id`, `crew_id`) VALUES ('voluptatibus', 9, 9);
INSERT INTO `content_role` (`role_name`, `content_id`, `crew_id`) VALUES ('dicta', 1, 10);
INSERT INTO `content_role` (`role_name`, `content_id`, `crew_id`) VALUES ('consectetur', 2, 11);
INSERT INTO `content_role` (`role_name`, `content_id`, `crew_id`) VALUES ('corrupti', 3, 12);
INSERT INTO `content_role` (`role_name`, `content_id`, `crew_id`) VALUES ('incidunt', 4, 13);
INSERT INTO `content_role` (`role_name`, `content_id`, `crew_id`) VALUES ('pariatur', 5, 14);
INSERT INTO `content_role` (`role_name`, `content_id`, `crew_id`) VALUES ('commodi', 6, 15);
INSERT INTO `content_role` (`role_name`, `content_id`, `crew_id`) VALUES ('non', 7, 16);
INSERT INTO `content_role` (`role_name`, `content_id`, `crew_id`) VALUES ('necessitatibus', 8, 17);
INSERT INTO `content_role` (`role_name`, `content_id`, `crew_id`) VALUES ('tenetur', 9, 18);
INSERT INTO `content_role` (`role_name`, `content_id`, `crew_id`) VALUES ('reiciendis', 1, 19);
INSERT INTO `content_role` (`role_name`, `content_id`, `crew_id`) VALUES ('et', 2, 20);
INSERT INTO `content_role` (`role_name`, `content_id`, `crew_id`) VALUES ('odit', 3, 21);
INSERT INTO `content_role` (`role_name`, `content_id`, `crew_id`) VALUES ('cupiditate', 4, 22);
INSERT INTO `content_role` (`role_name`, `content_id`, `crew_id`) VALUES ('asperiores', 5, 23);
INSERT INTO `content_role` (`role_name`, `content_id`, `crew_id`) VALUES ('optio', 6, 24);
INSERT INTO `content_role` (`role_name`, `content_id`, `crew_id`) VALUES ('omnis', 7, 25);
INSERT INTO `content_role` (`role_name`, `content_id`, `crew_id`) VALUES ('reiciendis', 8, 26);
INSERT INTO `content_role` (`role_name`, `content_id`, `crew_id`) VALUES ('a', 9, 27);
INSERT INTO `content_role` (`role_name`, `content_id`, `crew_id`) VALUES ('quo', 1, 28);
INSERT INTO `content_role` (`role_name`, `content_id`, `crew_id`) VALUES ('sunt', 2, 29);
INSERT INTO `content_role` (`role_name`, `content_id`, `crew_id`) VALUES ('id', 3, 30);
INSERT INTO `content_role` (`role_name`, `content_id`, `crew_id`) VALUES ('quos', 4, 31);
INSERT INTO `content_role` (`role_name`, `content_id`, `crew_id`) VALUES ('dolor', 5, 32);
INSERT INTO `content_role` (`role_name`, `content_id`, `crew_id`) VALUES ('ab', 6, 33);
INSERT INTO `content_role` (`role_name`, `content_id`, `crew_id`) VALUES ('ut', 7, 34);
INSERT INTO `content_role` (`role_name`, `content_id`, `crew_id`) VALUES ('ut', 8, 35);
INSERT INTO `content_role` (`role_name`, `content_id`, `crew_id`) VALUES ('cupiditate', 9, 36);
INSERT INTO `content_role` (`role_name`, `content_id`, `crew_id`) VALUES ('sit', 1, 37);
INSERT INTO `content_role` (`role_name`, `content_id`, `crew_id`) VALUES ('tempora', 2, 38);
INSERT INTO `content_role` (`role_name`, `content_id`, `crew_id`) VALUES ('ipsa', 3, 39);
INSERT INTO `content_role` (`role_name`, `content_id`, `crew_id`) VALUES ('hic', 4, 40);
INSERT INTO `content_role` (`role_name`, `content_id`, `crew_id`) VALUES ('asperiores', 5, 41);
INSERT INTO `content_role` (`role_name`, `content_id`, `crew_id`) VALUES ('recusandae', 6, 42);
INSERT INTO `content_role` (`role_name`, `content_id`, `crew_id`) VALUES ('dolores', 7, 43);
INSERT INTO `content_role` (`role_name`, `content_id`, `crew_id`) VALUES ('corrupti', 8, 44);
INSERT INTO `content_role` (`role_name`, `content_id`, `crew_id`) VALUES ('ad', 9, 45);
INSERT INTO `content_role` (`role_name`, `content_id`, `crew_id`) VALUES ('magnam', 1, 46);
INSERT INTO `content_role` (`role_name`, `content_id`, `crew_id`) VALUES ('ut', 2, 47);
INSERT INTO `content_role` (`role_name`, `content_id`, `crew_id`) VALUES ('repellat', 3, 48);
INSERT INTO `content_role` (`role_name`, `content_id`, `crew_id`) VALUES ('dicta', 4, 49);
INSERT INTO `content_role` (`role_name`, `content_id`, `crew_id`) VALUES ('ut', 5, 50);
INSERT INTO `content_role` (`role_name`, `content_id`, `crew_id`) VALUES ('qui', 6, 51);
INSERT INTO `content_role` (`role_name`, `content_id`, `crew_id`) VALUES ('facilis', 7, 52);
INSERT INTO `content_role` (`role_name`, `content_id`, `crew_id`) VALUES ('sint', 8, 53);
INSERT INTO `content_role` (`role_name`, `content_id`, `crew_id`) VALUES ('nostrum', 9, 54);
INSERT INTO `content_role` (`role_name`, `content_id`, `crew_id`) VALUES ('fugiat', 1, 55);
INSERT INTO `content_role` (`role_name`, `content_id`, `crew_id`) VALUES ('eveniet', 2, 56);
INSERT INTO `content_role` (`role_name`, `content_id`, `crew_id`) VALUES ('dolorem', 3, 57);
INSERT INTO `content_role` (`role_name`, `content_id`, `crew_id`) VALUES ('voluptatem', 4, 58);
INSERT INTO `content_role` (`role_name`, `content_id`, `crew_id`) VALUES ('ratione', 5, 59);
INSERT INTO `content_role` (`role_name`, `content_id`, `crew_id`) VALUES ('odio', 6, 60);
INSERT INTO `content_role` (`role_name`, `content_id`, `crew_id`) VALUES ('voluptates', 7, 61);
INSERT INTO `content_role` (`role_name`, `content_id`, `crew_id`) VALUES ('atque', 8, 62);
INSERT INTO `content_role` (`role_name`, `content_id`, `crew_id`) VALUES ('inventore', 9, 63);
INSERT INTO `content_role` (`role_name`, `content_id`, `crew_id`) VALUES ('vel', 1, 64);
INSERT INTO `content_role` (`role_name`, `content_id`, `crew_id`) VALUES ('repudiandae', 2, 65);
INSERT INTO `content_role` (`role_name`, `content_id`, `crew_id`) VALUES ('vitae', 3, 66);
INSERT INTO `content_role` (`role_name`, `content_id`, `crew_id`) VALUES ('ipsam', 4, 67);
INSERT INTO `content_role` (`role_name`, `content_id`, `crew_id`) VALUES ('qui', 5, 68);
INSERT INTO `content_role` (`role_name`, `content_id`, `crew_id`) VALUES ('sunt', 6, 69);
INSERT INTO `content_role` (`role_name`, `content_id`, `crew_id`) VALUES ('quam', 7, 70);
INSERT INTO `content_role` (`role_name`, `content_id`, `crew_id`) VALUES ('id', 8, 71);
INSERT INTO `content_role` (`role_name`, `content_id`, `crew_id`) VALUES ('velit', 9, 72);
INSERT INTO `content_role` (`role_name`, `content_id`, `crew_id`) VALUES ('ad', 1, 73);
INSERT INTO `content_role` (`role_name`, `content_id`, `crew_id`) VALUES ('debitis', 2, 74);
INSERT INTO `content_role` (`role_name`, `content_id`, `crew_id`) VALUES ('iste', 3, 75);
INSERT INTO `content_role` (`role_name`, `content_id`, `crew_id`) VALUES ('dolore', 4, 76);
INSERT INTO `content_role` (`role_name`, `content_id`, `crew_id`) VALUES ('sint', 5, 77);
INSERT INTO `content_role` (`role_name`, `content_id`, `crew_id`) VALUES ('molestias', 6, 78);
INSERT INTO `content_role` (`role_name`, `content_id`, `crew_id`) VALUES ('id', 7, 79);
INSERT INTO `content_role` (`role_name`, `content_id`, `crew_id`) VALUES ('et', 8, 80);
INSERT INTO `content_role` (`role_name`, `content_id`, `crew_id`) VALUES ('est', 9, 81);
INSERT INTO `content_role` (`role_name`, `content_id`, `crew_id`) VALUES ('ab', 1, 82);
INSERT INTO `content_role` (`role_name`, `content_id`, `crew_id`) VALUES ('id', 2, 83);
INSERT INTO `content_role` (`role_name`, `content_id`, `crew_id`) VALUES ('quis', 3, 84);
INSERT INTO `content_role` (`role_name`, `content_id`, `crew_id`) VALUES ('maiores', 4, 85);
INSERT INTO `content_role` (`role_name`, `content_id`, `crew_id`) VALUES ('optio', 5, 86);
INSERT INTO `content_role` (`role_name`, `content_id`, `crew_id`) VALUES ('illum', 6, 87);
INSERT INTO `content_role` (`role_name`, `content_id`, `crew_id`) VALUES ('cumque', 7, 88);
INSERT INTO `content_role` (`role_name`, `content_id`, `crew_id`) VALUES ('necessitatibus', 8, 89);
INSERT INTO `content_role` (`role_name`, `content_id`, `crew_id`) VALUES ('labore', 9, 90);
INSERT INTO `content_role` (`role_name`, `content_id`, `crew_id`) VALUES ('vero', 1, 91);
INSERT INTO `content_role` (`role_name`, `content_id`, `crew_id`) VALUES ('corrupti', 2, 92);
INSERT INTO `content_role` (`role_name`, `content_id`, `crew_id`) VALUES ('vitae', 3, 93);
INSERT INTO `content_role` (`role_name`, `content_id`, `crew_id`) VALUES ('facere', 4, 94);
INSERT INTO `content_role` (`role_name`, `content_id`, `crew_id`) VALUES ('est', 5, 95);
INSERT INTO `content_role` (`role_name`, `content_id`, `crew_id`) VALUES ('ipsam', 6, 96);
INSERT INTO `content_role` (`role_name`, `content_id`, `crew_id`) VALUES ('ut', 7, 97);
INSERT INTO `content_role` (`role_name`, `content_id`, `crew_id`) VALUES ('rerum', 8, 98);
INSERT INTO `content_role` (`role_name`, `content_id`, `crew_id`) VALUES ('beatae', 9, 99);
INSERT INTO `content_role` (`role_name`, `content_id`, `crew_id`) VALUES ('magnam', 1, 100);


INSERT INTO `content_to_genre` (`content_id`, `genre_id`) VALUES (1, 1);
INSERT INTO `content_to_genre` (`content_id`, `genre_id`) VALUES (2, 2);
INSERT INTO `content_to_genre` (`content_id`, `genre_id`) VALUES (3, 3);
INSERT INTO `content_to_genre` (`content_id`, `genre_id`) VALUES (4, 4);
INSERT INTO `content_to_genre` (`content_id`, `genre_id`) VALUES (5, 5);
INSERT INTO `content_to_genre` (`content_id`, `genre_id`) VALUES (6, 6);
INSERT INTO `content_to_genre` (`content_id`, `genre_id`) VALUES (7, 7);
INSERT INTO `content_to_genre` (`content_id`, `genre_id`) VALUES (8, 8);
INSERT INTO `content_to_genre` (`content_id`, `genre_id`) VALUES (9, 9);
INSERT INTO `content_to_genre` (`content_id`, `genre_id`) VALUES (1, 10);
INSERT INTO `content_to_genre` (`content_id`, `genre_id`) VALUES (2, 1);
INSERT INTO `content_to_genre` (`content_id`, `genre_id`) VALUES (3, 2);
INSERT INTO `content_to_genre` (`content_id`, `genre_id`) VALUES (4, 3);
INSERT INTO `content_to_genre` (`content_id`, `genre_id`) VALUES (5, 4);
INSERT INTO `content_to_genre` (`content_id`, `genre_id`) VALUES (6, 5);
INSERT INTO `content_to_genre` (`content_id`, `genre_id`) VALUES (7, 6);
INSERT INTO `content_to_genre` (`content_id`, `genre_id`) VALUES (8, 7);
INSERT INTO `content_to_genre` (`content_id`, `genre_id`) VALUES (9, 8);
INSERT INTO `content_to_genre` (`content_id`, `genre_id`) VALUES (1, 9);
INSERT INTO `content_to_genre` (`content_id`, `genre_id`) VALUES (2, 10);
INSERT INTO `content_to_genre` (`content_id`, `genre_id`) VALUES (3, 1);
INSERT INTO `content_to_genre` (`content_id`, `genre_id`) VALUES (4, 2);
INSERT INTO `content_to_genre` (`content_id`, `genre_id`) VALUES (5, 3);
INSERT INTO `content_to_genre` (`content_id`, `genre_id`) VALUES (6, 4);
INSERT INTO `content_to_genre` (`content_id`, `genre_id`) VALUES (7, 5);
INSERT INTO `content_to_genre` (`content_id`, `genre_id`) VALUES (8, 6);
INSERT INTO `content_to_genre` (`content_id`, `genre_id`) VALUES (9, 7);
INSERT INTO `content_to_genre` (`content_id`, `genre_id`) VALUES (1, 8);
INSERT INTO `content_to_genre` (`content_id`, `genre_id`) VALUES (2, 9);
INSERT INTO `content_to_genre` (`content_id`, `genre_id`) VALUES (3, 10);
INSERT INTO `content_to_genre` (`content_id`, `genre_id`) VALUES (4, 1);
INSERT INTO `content_to_genre` (`content_id`, `genre_id`) VALUES (5, 2);
INSERT INTO `content_to_genre` (`content_id`, `genre_id`) VALUES (6, 3);
INSERT INTO `content_to_genre` (`content_id`, `genre_id`) VALUES (7, 4);
INSERT INTO `content_to_genre` (`content_id`, `genre_id`) VALUES (8, 5);
INSERT INTO `content_to_genre` (`content_id`, `genre_id`) VALUES (9, 6);
INSERT INTO `content_to_genre` (`content_id`, `genre_id`) VALUES (1, 7);
INSERT INTO `content_to_genre` (`content_id`, `genre_id`) VALUES (2, 8);
INSERT INTO `content_to_genre` (`content_id`, `genre_id`) VALUES (3, 9);
INSERT INTO `content_to_genre` (`content_id`, `genre_id`) VALUES (4, 10);
INSERT INTO `content_to_genre` (`content_id`, `genre_id`) VALUES (5, 1);
INSERT INTO `content_to_genre` (`content_id`, `genre_id`) VALUES (6, 2);
INSERT INTO `content_to_genre` (`content_id`, `genre_id`) VALUES (7, 3);
INSERT INTO `content_to_genre` (`content_id`, `genre_id`) VALUES (8, 4);
INSERT INTO `content_to_genre` (`content_id`, `genre_id`) VALUES (9, 5);
INSERT INTO `content_to_genre` (`content_id`, `genre_id`) VALUES (1, 6);
INSERT INTO `content_to_genre` (`content_id`, `genre_id`) VALUES (2, 7);
INSERT INTO `content_to_genre` (`content_id`, `genre_id`) VALUES (3, 8);
INSERT INTO `content_to_genre` (`content_id`, `genre_id`) VALUES (4, 9);
INSERT INTO `content_to_genre` (`content_id`, `genre_id`) VALUES (5, 10);
INSERT INTO `content_to_genre` (`content_id`, `genre_id`) VALUES (6, 1);
INSERT INTO `content_to_genre` (`content_id`, `genre_id`) VALUES (7, 2);
INSERT INTO `content_to_genre` (`content_id`, `genre_id`) VALUES (8, 3);
INSERT INTO `content_to_genre` (`content_id`, `genre_id`) VALUES (9, 4);
INSERT INTO `content_to_genre` (`content_id`, `genre_id`) VALUES (1, 5);
INSERT INTO `content_to_genre` (`content_id`, `genre_id`) VALUES (2, 6);
INSERT INTO `content_to_genre` (`content_id`, `genre_id`) VALUES (3, 7);
INSERT INTO `content_to_genre` (`content_id`, `genre_id`) VALUES (4, 8);
INSERT INTO `content_to_genre` (`content_id`, `genre_id`) VALUES (5, 9);
INSERT INTO `content_to_genre` (`content_id`, `genre_id`) VALUES (6, 10);
INSERT INTO `content_to_genre` (`content_id`, `genre_id`) VALUES (7, 1);
INSERT INTO `content_to_genre` (`content_id`, `genre_id`) VALUES (8, 2);
INSERT INTO `content_to_genre` (`content_id`, `genre_id`) VALUES (9, 3);
INSERT INTO `content_to_genre` (`content_id`, `genre_id`) VALUES (1, 4);
INSERT INTO `content_to_genre` (`content_id`, `genre_id`) VALUES (2, 5);
INSERT INTO `content_to_genre` (`content_id`, `genre_id`) VALUES (3, 6);
INSERT INTO `content_to_genre` (`content_id`, `genre_id`) VALUES (4, 7);
INSERT INTO `content_to_genre` (`content_id`, `genre_id`) VALUES (5, 8);
INSERT INTO `content_to_genre` (`content_id`, `genre_id`) VALUES (6, 9);
INSERT INTO `content_to_genre` (`content_id`, `genre_id`) VALUES (7, 10);
INSERT INTO `content_to_genre` (`content_id`, `genre_id`) VALUES (8, 1);
INSERT INTO `content_to_genre` (`content_id`, `genre_id`) VALUES (9, 2);
INSERT INTO `content_to_genre` (`content_id`, `genre_id`) VALUES (1, 3);
INSERT INTO `content_to_genre` (`content_id`, `genre_id`) VALUES (2, 4);
INSERT INTO `content_to_genre` (`content_id`, `genre_id`) VALUES (3, 5);
INSERT INTO `content_to_genre` (`content_id`, `genre_id`) VALUES (4, 6);
INSERT INTO `content_to_genre` (`content_id`, `genre_id`) VALUES (5, 7);
INSERT INTO `content_to_genre` (`content_id`, `genre_id`) VALUES (6, 8);
INSERT INTO `content_to_genre` (`content_id`, `genre_id`) VALUES (7, 9);
INSERT INTO `content_to_genre` (`content_id`, `genre_id`) VALUES (8, 10);
INSERT INTO `content_to_genre` (`content_id`, `genre_id`) VALUES (9, 1);
INSERT INTO `content_to_genre` (`content_id`, `genre_id`) VALUES (1, 2);
INSERT INTO `content_to_genre` (`content_id`, `genre_id`) VALUES (2, 3);
INSERT INTO `content_to_genre` (`content_id`, `genre_id`) VALUES (3, 4);
INSERT INTO `content_to_genre` (`content_id`, `genre_id`) VALUES (4, 5);
INSERT INTO `content_to_genre` (`content_id`, `genre_id`) VALUES (5, 6);
INSERT INTO `content_to_genre` (`content_id`, `genre_id`) VALUES (6, 7);
INSERT INTO `content_to_genre` (`content_id`, `genre_id`) VALUES (7, 8);
INSERT INTO `content_to_genre` (`content_id`, `genre_id`) VALUES (8, 9);
INSERT INTO `content_to_genre` (`content_id`, `genre_id`) VALUES (9, 10);
INSERT INTO `content_to_genre` (`content_id`, `genre_id`) VALUES (1, 1);
INSERT INTO `content_to_genre` (`content_id`, `genre_id`) VALUES (2, 2);
INSERT INTO `content_to_genre` (`content_id`, `genre_id`) VALUES (3, 3);
INSERT INTO `content_to_genre` (`content_id`, `genre_id`) VALUES (4, 4);
INSERT INTO `content_to_genre` (`content_id`, `genre_id`) VALUES (5, 5);
INSERT INTO `content_to_genre` (`content_id`, `genre_id`) VALUES (6, 6);
INSERT INTO `content_to_genre` (`content_id`, `genre_id`) VALUES (7, 7);
INSERT INTO `content_to_genre` (`content_id`, `genre_id`) VALUES (8, 8);
INSERT INTO `content_to_genre` (`content_id`, `genre_id`) VALUES (9, 9);
INSERT INTO `content_to_genre` (`content_id`, `genre_id`) VALUES (1, 10);

INSERT INTO `customer` (`id`, `first_name`, `family_name`, `email`, `address`) VALUES (1, 'Nannie', 'at', 'mohr.shannon@example.net', '9346 Rogahn Creek\nEast Daniellaburgh, TN 75879-3761');
INSERT INTO `customer` (`id`, `first_name`, `family_name`, `email`, `address`) VALUES (2, 'Raul', 'quo', 'isabella.lockman@example.net', '2804 Pollich Run\nDaughertyhaven, SC 60526');
INSERT INTO `customer` (`id`, `first_name`, `family_name`, `email`, `address`) VALUES (3, 'Jackie', 'repudiandae', 'maegan70@example.net', '48913 Ola Squares Suite 302\nLake Ashly, SD 74479-0698');
INSERT INTO `customer` (`id`, `first_name`, `family_name`, `email`, `address`) VALUES (4, 'Felicita', 'eum', 'cassidy.wyman@example.org', '3855 Bechtelar Forks\nNew Ikeview, OR 00872');
INSERT INTO `customer` (`id`, `first_name`, `family_name`, `email`, `address`) VALUES (5, 'Holden', 'rem', 'germaine.kozey@example.org', '577 Darwin Mountains\nJerryview, KS 05184');
INSERT INTO `customer` (`id`, `first_name`, `family_name`, `email`, `address`) VALUES (6, 'Hobart', 'a', 'klittle@example.com', '992 Maia Lock Suite 885\nDakotaport, ME 35484-3236');
INSERT INTO `customer` (`id`, `first_name`, `family_name`, `email`, `address`) VALUES (7, 'Onie', 'pariatur', 'esta.stoltenberg@example.com', '97837 Schmeler Views Apt. 992\nPort Connie, TN 17747');
INSERT INTO `customer` (`id`, `first_name`, `family_name`, `email`, `address`) VALUES (8, 'Belle', 'temporibus', 'aterry@example.com', '8491 Nina Mountain Suite 622\nMariannaburgh, UT 32727');
INSERT INTO `customer` (`id`, `first_name`, `family_name`, `email`, `address`) VALUES (9, 'Peyton', 'qui', 'rosalyn55@example.org', '1512 Lorna Common Suite 623\nNew Jaime, MT 64087-6236');
INSERT INTO `customer` (`id`, `first_name`, `family_name`, `email`, `address`) VALUES (10, 'Roxane', 'sunt', 'hester.fadel@example.org', '7168 Goldner Dale Suite 196\nWaltershire, AL 52407');
INSERT INTO `customer` (`id`, `first_name`, `family_name`, `email`, `address`) VALUES (11, 'Joanie', 'non', 'ernser.ila@example.com', '697 Chanel Estate Apt. 980\nMillerland, WV 18452');
INSERT INTO `customer` (`id`, `first_name`, `family_name`, `email`, `address`) VALUES (12, 'Ellsworth', 'eveniet', 'albina67@example.net', '5704 Grimes Cliff Suite 411\nEast Addison, OH 58354');
INSERT INTO `customer` (`id`, `first_name`, `family_name`, `email`, `address`) VALUES (13, 'Elfrieda', 'vero', 'shayne.kovacek@example.com', '97665 Gerhold Viaduct\nLake Irmachester, DC 21165-9109');
INSERT INTO `customer` (`id`, `first_name`, `family_name`, `email`, `address`) VALUES (14, 'Graciela', 'excepturi', 'lelia32@example.org', '5903 Lina Park\nTrinityshire, IA 30595');
INSERT INTO `customer` (`id`, `first_name`, `family_name`, `email`, `address`) VALUES (15, 'Celia', 'aliquam', 'wbechtelar@example.net', '829 Schumm Meadow\nPort Murl, NV 83193-7454');
INSERT INTO `customer` (`id`, `first_name`, `family_name`, `email`, `address`) VALUES (16, 'Alphonso', 'eveniet', 'goldner.elnora@example.com', '4934 Darren Greens Apt. 749\nElysefort, SD 20868-9630');
INSERT INTO `customer` (`id`, `first_name`, `family_name`, `email`, `address`) VALUES (17, 'Elenor', 'corporis', 'bins.florian@example.net', '293 Becker Valleys\nLake Othomouth, VT 53418');
INSERT INTO `customer` (`id`, `first_name`, `family_name`, `email`, `address`) VALUES (18, 'Hillary', 'quo', 'kale51@example.org', '3424 Stracke Common Apt. 126\nHegmannton, WA 90020');
INSERT INTO `customer` (`id`, `first_name`, `family_name`, `email`, `address`) VALUES (19, 'Lenora', 'iusto', 'javier.wolff@example.com', '520 Solon Fields Apt. 964\nRolfsonview, AZ 36424-4100');
INSERT INTO `customer` (`id`, `first_name`, `family_name`, `email`, `address`) VALUES (20, 'Abdullah', 'autem', 'batz.amaya@example.org', '82218 Bayer Mews\nNew Cierrafort, TN 77546');
INSERT INTO `customer` (`id`, `first_name`, `family_name`, `email`, `address`) VALUES (21, 'Nicola', 'laboriosam', 'noble.tromp@example.com', '609 Violette Motorway Suite 272\nEast Meaghanstad, WA 37424-5782');
INSERT INTO `customer` (`id`, `first_name`, `family_name`, `email`, `address`) VALUES (22, 'Mekhi', 'quasi', 'reinger.alexandrea@example.net', '607 Robel Heights\nLeonardburgh, VT 59933');
INSERT INTO `customer` (`id`, `first_name`, `family_name`, `email`, `address`) VALUES (23, 'Sid', 'excepturi', 'nader.jacinto@example.com', '063 Blanda Estates\nWest Simone, NE 17796-0360');
INSERT INTO `customer` (`id`, `first_name`, `family_name`, `email`, `address`) VALUES (24, 'Catharine', 'repudiandae', 'rex.hoeger@example.com', '257 McCullough Trafficway Suite 575\nCummerataland, IN 55423');
INSERT INTO `customer` (`id`, `first_name`, `family_name`, `email`, `address`) VALUES (25, 'Ronaldo', 'expedita', 'rebeka.quitzon@example.com', '789 Jessie Isle\nJermaineport, NJ 66740');
INSERT INTO `customer` (`id`, `first_name`, `family_name`, `email`, `address`) VALUES (26, 'Arvid', 'odio', 'white.gretchen@example.org', '388 Chaim Oval Suite 475\nWest Mckennaview, MO 00290-0358');
INSERT INTO `customer` (`id`, `first_name`, `family_name`, `email`, `address`) VALUES (27, 'Enola', 'necessitatibus', 'chesley52@example.net', '667 Zella Cliff\nNew Cassieview, VA 41097-0908');
INSERT INTO `customer` (`id`, `first_name`, `family_name`, `email`, `address`) VALUES (28, 'Audra', 'deserunt', 'hklein@example.net', '76085 Cassie Gardens Suite 587\nPort Olinburgh, NC 97744-9300');
INSERT INTO `customer` (`id`, `first_name`, `family_name`, `email`, `address`) VALUES (29, 'Jeanette', 'consequatur', 'ewolf@example.com', '938 Janelle Circle Apt. 723\nRaeside, NE 07188');
INSERT INTO `customer` (`id`, `first_name`, `family_name`, `email`, `address`) VALUES (30, 'Bertram', 'molestiae', 'jamison48@example.net', '14886 Asa Street Suite 655\nNew Leatha, WI 33992-0197');
INSERT INTO `customer` (`id`, `first_name`, `family_name`, `email`, `address`) VALUES (31, 'Kayden', 'velit', 'jayson.carter@example.net', '088 Katelyn Parkways\nSouth Faustino, CO 95556-9232');
INSERT INTO `customer` (`id`, `first_name`, `family_name`, `email`, `address`) VALUES (32, 'Mateo', 'laudantium', 'janessa.veum@example.net', '13842 Liana Rue\nFletcherhaven, VT 94279');
INSERT INTO `customer` (`id`, `first_name`, `family_name`, `email`, `address`) VALUES (33, 'Maryam', 'aut', 'sidney.o\'conner@example.org', '1886 Leannon Canyon Apt. 278\nMariannaberg, NE 42311-8985');
INSERT INTO `customer` (`id`, `first_name`, `family_name`, `email`, `address`) VALUES (34, 'Destinee', 'autem', 'edna44@example.net', '3900 Volkman Club Suite 330\nTobinton, TN 76811');
INSERT INTO `customer` (`id`, `first_name`, `family_name`, `email`, `address`) VALUES (35, 'Gonzalo', 'eum', 'fdare@example.net', '356 Lemke Stravenue\nEdaberg, CT 22367-2967');
INSERT INTO `customer` (`id`, `first_name`, `family_name`, `email`, `address`) VALUES (36, 'Jamil', 'et', 'brisa.gorczany@example.org', '7219 Jamison Valleys Apt. 074\nSatterfieldberg, DC 97720');
INSERT INTO `customer` (`id`, `first_name`, `family_name`, `email`, `address`) VALUES (37, 'Loraine', 'sunt', 'uroob@example.org', '1870 Bridget Turnpike Suite 333\nGerlachstad, WA 94200-8561');
INSERT INTO `customer` (`id`, `first_name`, `family_name`, `email`, `address`) VALUES (38, 'Torrance', 'magni', 'stephany.ferry@example.com', '87472 Aliyah Shore Suite 794\nLake Susanna, NC 85980-7539');
INSERT INTO `customer` (`id`, `first_name`, `family_name`, `email`, `address`) VALUES (39, 'Hollie', 'cum', 'emmerich.vladimir@example.com', '9417 Cyrus Trafficway Suite 015\nZiemannmouth, VT 59292');
INSERT INTO `customer` (`id`, `first_name`, `family_name`, `email`, `address`) VALUES (40, 'Kameron', 'illo', 'abdullah26@example.org', '849 Spencer Pass Suite 465\nOthaborough, NV 45403');
INSERT INTO `customer` (`id`, `first_name`, `family_name`, `email`, `address`) VALUES (41, 'Velda', 'architecto', 'homenick.lincoln@example.net', '897 Chelsey Brook Apt. 728\nFritschhaven, NE 61335-7401');
INSERT INTO `customer` (`id`, `first_name`, `family_name`, `email`, `address`) VALUES (42, 'Lamar', 'excepturi', 'gulgowski.stevie@example.com', '11318 Estel Heights Suite 597\nNorth Chetborough, MO 10060');
INSERT INTO `customer` (`id`, `first_name`, `family_name`, `email`, `address`) VALUES (43, 'Aliyah', 'aut', 'skemmer@example.com', '717 Hardy Island\nKasandraport, WI 27867-8212');
INSERT INTO `customer` (`id`, `first_name`, `family_name`, `email`, `address`) VALUES (44, 'Ocie', 'qui', 'ndenesik@example.com', '050 Larkin Unions\nLake Trevion, CO 77274-8523');
INSERT INTO `customer` (`id`, `first_name`, `family_name`, `email`, `address`) VALUES (45, 'Flo', 'et', 'senger.nathaniel@example.com', '66138 Glenda Creek Apt. 182\nEast Guadalupemouth, ID 38878-0559');
INSERT INTO `customer` (`id`, `first_name`, `family_name`, `email`, `address`) VALUES (46, 'Roman', 'qui', 'savion61@example.net', '32377 Alessandra Vista\nPort Lourdes, NV 40796-5742');
INSERT INTO `customer` (`id`, `first_name`, `family_name`, `email`, `address`) VALUES (47, 'Whitney', 'exercitationem', 'lo\'conner@example.net', '264 Braun Stream\nDouglasstad, ME 53378-7934');
INSERT INTO `customer` (`id`, `first_name`, `family_name`, `email`, `address`) VALUES (48, 'Sydney', 'quis', 'damion48@example.net', '2504 Bahringer Lights\nVerdafort, NV 55477-8064');
INSERT INTO `customer` (`id`, `first_name`, `family_name`, `email`, `address`) VALUES (49, 'Chelsie', 'rerum', 'sjacobson@example.net', '486 Eleonore Key Suite 027\nRaquelborough, RI 67616');
INSERT INTO `customer` (`id`, `first_name`, `family_name`, `email`, `address`) VALUES (50, 'Nils', 'eum', 'mac20@example.org', '6324 Leannon Port\nEast Chetmouth, ME 44668-7551');
INSERT INTO `customer` (`id`, `first_name`, `family_name`, `email`, `address`) VALUES (51, 'Rahul', 'hic', 'runolfsson.lydia@example.com', '04056 Alisha Squares Suite 197\nLangshire, MD 06627-6297');
INSERT INTO `customer` (`id`, `first_name`, `family_name`, `email`, `address`) VALUES (52, 'Shayne', 'et', 'brown.rasheed@example.net', '266 Blanda View Apt. 284\nSouth Felicitafurt, CO 22568-7618');
INSERT INTO `customer` (`id`, `first_name`, `family_name`, `email`, `address`) VALUES (53, 'Judy', 'temporibus', 'ziemann.macey@example.com', '441 Claire Mill\nJonesville, OH 95794-9959');
INSERT INTO `customer` (`id`, `first_name`, `family_name`, `email`, `address`) VALUES (54, 'Maurine', 'provident', 'deborah69@example.org', '3030 Koss Ways Suite 261\nEast Nakia, KS 54758');
INSERT INTO `customer` (`id`, `first_name`, `family_name`, `email`, `address`) VALUES (55, 'Ian', 'accusantium', 'ariel10@example.com', '0695 Turner Drives\nAlfshire, VT 48460-6621');
INSERT INTO `customer` (`id`, `first_name`, `family_name`, `email`, `address`) VALUES (56, 'Haven', 'nisi', 'koelpin.deangelo@example.net', '93861 Franecki Dam\nJessikatown, SC 38541-5033');
INSERT INTO `customer` (`id`, `first_name`, `family_name`, `email`, `address`) VALUES (57, 'Celia', 'magni', 'lysanne.corwin@example.com', '087 Quitzon Roads Suite 745\nLebsackfurt, NE 24495');
INSERT INTO `customer` (`id`, `first_name`, `family_name`, `email`, `address`) VALUES (58, 'Samanta', 'aspernatur', 'blindgren@example.com', '28845 Casper Corners Apt. 764\nLake Omer, CO 48683');
INSERT INTO `customer` (`id`, `first_name`, `family_name`, `email`, `address`) VALUES (59, 'Crawford', 'aut', 'jackie.schaefer@example.net', '110 Schamberger Ridge\nWest Delpha, KS 88520-5475');
INSERT INTO `customer` (`id`, `first_name`, `family_name`, `email`, `address`) VALUES (60, 'Mellie', 'aspernatur', 'obaumbach@example.net', '9164 Cormier Creek Suite 912\nHermistonhaven, NE 98339-7710');
INSERT INTO `customer` (`id`, `first_name`, `family_name`, `email`, `address`) VALUES (61, 'Erling', 'tempora', 'darion.schultz@example.com', '26766 White Gateway Apt. 337\nValentinaville, NC 91548');
INSERT INTO `customer` (`id`, `first_name`, `family_name`, `email`, `address`) VALUES (62, 'Precious', 'incidunt', 'enrique22@example.com', '7058 Marisa Branch\nEast Alfonzotown, MT 18674-0614');
INSERT INTO `customer` (`id`, `first_name`, `family_name`, `email`, `address`) VALUES (63, 'Ali', 'dolores', 'toy.jayme@example.org', '2839 Guiseppe Ports\nBurniceview, MN 55851');
INSERT INTO `customer` (`id`, `first_name`, `family_name`, `email`, `address`) VALUES (64, 'Kattie', 'laudantium', 'gladyce23@example.org', '94529 Boyle Shores\nYostborough, TN 15969-1600');
INSERT INTO `customer` (`id`, `first_name`, `family_name`, `email`, `address`) VALUES (65, 'Beth', 'rerum', 'hubert25@example.net', '2790 Guy Ports Apt. 161\nNew Violet, AL 33178');
INSERT INTO `customer` (`id`, `first_name`, `family_name`, `email`, `address`) VALUES (66, 'Belle', 'ut', 'ethan.marquardt@example.net', '3490 Dereck Summit Apt. 460\nStarkchester, NC 93632-7159');
INSERT INTO `customer` (`id`, `first_name`, `family_name`, `email`, `address`) VALUES (67, 'Eda', 'eius', 'neichmann@example.com', '40304 Jakob Squares\nLake Lon, WV 87508');
INSERT INTO `customer` (`id`, `first_name`, `family_name`, `email`, `address`) VALUES (68, 'Marty', 'inventore', 'willy.hessel@example.com', '65738 Travis Points Apt. 711\nDevanside, MI 12433');
INSERT INTO `customer` (`id`, `first_name`, `family_name`, `email`, `address`) VALUES (69, 'Sandy', 'magnam', 'ebosco@example.net', '02524 Myra Mission Suite 120\nWest Delilahstad, VT 86297-7112');
INSERT INTO `customer` (`id`, `first_name`, `family_name`, `email`, `address`) VALUES (70, 'Price', 'quis', 'marie63@example.net', '9191 Stanley Throughway\nAntoniaborough, KS 06253');
INSERT INTO `customer` (`id`, `first_name`, `family_name`, `email`, `address`) VALUES (71, 'Stanley', 'odio', 'adell.strosin@example.net', '4881 Domenic Plains Suite 027\nNorth Willard, HI 18347');
INSERT INTO `customer` (`id`, `first_name`, `family_name`, `email`, `address`) VALUES (72, 'Chance', 'aut', 'wpollich@example.org', '30671 Bednar Walk Suite 066\nNorth Declan, IL 47686-3919');
INSERT INTO `customer` (`id`, `first_name`, `family_name`, `email`, `address`) VALUES (73, 'Maude', 'et', 'sgleichner@example.com', '65316 Nyasia Streets\nWest Hettiechester, NC 40640-5966');
INSERT INTO `customer` (`id`, `first_name`, `family_name`, `email`, `address`) VALUES (74, 'Lilian', 'iure', 'ugrant@example.com', '42899 Emard Hollow\nLangworthfort, TX 28181');
INSERT INTO `customer` (`id`, `first_name`, `family_name`, `email`, `address`) VALUES (75, 'Noe', 'aperiam', 'rahul.stokes@example.org', '5961 Hoppe Vista\nEvanton, UT 68178-7917');
INSERT INTO `customer` (`id`, `first_name`, `family_name`, `email`, `address`) VALUES (76, 'Federico', 'nulla', 'jaida07@example.net', '2828 Hodkiewicz Mission Suite 256\nNienowside, NV 75834');
INSERT INTO `customer` (`id`, `first_name`, `family_name`, `email`, `address`) VALUES (77, 'Stefanie', 'voluptatem', 'hodkiewicz.heloise@example.com', '2763 Astrid Port Suite 019\nEast Chesley, NH 05918-8747');
INSERT INTO `customer` (`id`, `first_name`, `family_name`, `email`, `address`) VALUES (78, 'Rowena', 'dolor', 'juliet30@example.net', '525 Jaylon Trail Suite 950\nEast Raquel, ID 68509');
INSERT INTO `customer` (`id`, `first_name`, `family_name`, `email`, `address`) VALUES (79, 'Haylie', 'laudantium', 'helga35@example.com', '0811 Norene Courts\nRosarioborough, HI 04571');
INSERT INTO `customer` (`id`, `first_name`, `family_name`, `email`, `address`) VALUES (80, 'Michale', 'ut', 'erich.mclaughlin@example.org', '803 Chaim Cliffs\nSauershire, OH 70021-4816');
INSERT INTO `customer` (`id`, `first_name`, `family_name`, `email`, `address`) VALUES (81, 'Lee', 'eaque', 'frida.armstrong@example.net', '7710 Nigel Inlet Apt. 049\nPort Olliemouth, DC 48269');
INSERT INTO `customer` (`id`, `first_name`, `family_name`, `email`, `address`) VALUES (82, 'Judd', 'sunt', 'marley74@example.com', '4808 Olson Lakes Apt. 956\nQuitzonfort, NM 20831-5131');
INSERT INTO `customer` (`id`, `first_name`, `family_name`, `email`, `address`) VALUES (83, 'Freddie', 'voluptatem', 'kristopher.lehner@example.org', '013 Meagan Underpass\nDibbertstad, NV 87442-7361');
INSERT INTO `customer` (`id`, `first_name`, `family_name`, `email`, `address`) VALUES (84, 'Hudson', 'molestiae', 'pzieme@example.com', '51916 Nina Divide\nNorth Daphney, WI 54540-8330');
INSERT INTO `customer` (`id`, `first_name`, `family_name`, `email`, `address`) VALUES (85, 'Garth', 'suscipit', 'jamel82@example.net', '371 Jacobi Freeway Suite 837\nEast Jesusborough, TN 13979-8924');
INSERT INTO `customer` (`id`, `first_name`, `family_name`, `email`, `address`) VALUES (86, 'Sydnie', 'ut', 'vladimir29@example.org', '29461 Samantha Ramp Apt. 304\nGreenland, NH 49796');
INSERT INTO `customer` (`id`, `first_name`, `family_name`, `email`, `address`) VALUES (87, 'Rebecca', 'totam', 'oscar.volkman@example.net', '903 Alanis Meadows Apt. 895\nWest Evalynfurt, IN 31471-1136');
INSERT INTO `customer` (`id`, `first_name`, `family_name`, `email`, `address`) VALUES (88, 'Rylan', 'corporis', 'kturcotte@example.net', '23852 Jarrell Cliffs Apt. 150\nFerrymouth, AZ 95790-6551');
INSERT INTO `customer` (`id`, `first_name`, `family_name`, `email`, `address`) VALUES (89, 'Glenna', 'et', 'eprohaska@example.org', '4084 Flatley Loop\nWuckertmouth, OH 49099');
INSERT INTO `customer` (`id`, `first_name`, `family_name`, `email`, `address`) VALUES (90, 'Geraldine', 'eos', 'lang.leanna@example.net', '85593 Boyle Via Suite 910\nLake Jaydaside, SC 57078');
INSERT INTO `customer` (`id`, `first_name`, `family_name`, `email`, `address`) VALUES (91, 'Lew', 'non', 'mae.hintz@example.com', '60640 Opal Skyway Suite 621\nPadberghaven, AR 10295');
INSERT INTO `customer` (`id`, `first_name`, `family_name`, `email`, `address`) VALUES (92, 'Leola', 'assumenda', 'yasmine.murazik@example.com', '65128 Goyette Plaza Apt. 054\nPort Margarettetown, TN 07708');
INSERT INTO `customer` (`id`, `first_name`, `family_name`, `email`, `address`) VALUES (93, 'Myron', 'excepturi', 'btoy@example.com', '2114 Murazik Lake Suite 178\nSauerfurt, AK 41391');
INSERT INTO `customer` (`id`, `first_name`, `family_name`, `email`, `address`) VALUES (94, 'Myrl', 'laboriosam', 'fwillms@example.com', '9409 Pfannerstill Mall Suite 036\nKutchville, TN 09215-5135');
INSERT INTO `customer` (`id`, `first_name`, `family_name`, `email`, `address`) VALUES (95, 'Dejah', 'neque', 'eframi@example.org', '5787 Wehner Plains Apt. 549\nRusseltown, ND 06475-8319');
INSERT INTO `customer` (`id`, `first_name`, `family_name`, `email`, `address`) VALUES (96, 'Alycia', 'quod', 'mraz.brendan@example.net', '3153 Abbott Key Apt. 278\nBrandytown, NJ 58883-9851');
INSERT INTO `customer` (`id`, `first_name`, `family_name`, `email`, `address`) VALUES (97, 'Jasen', 'quod', 'brionna.medhurst@example.org', '896 Heidenreich Mall Suite 783\nSouth Jedmouth, NM 60134-3348');
INSERT INTO `customer` (`id`, `first_name`, `family_name`, `email`, `address`) VALUES (98, 'Horacio', 'sit', 'jalyn.nicolas@example.com', '03935 Elisa Squares\nMillerchester, PA 76897-4708');
INSERT INTO `customer` (`id`, `first_name`, `family_name`, `email`, `address`) VALUES (99, 'Magdalen', 'fuga', 'elsie.emmerich@example.net', '4041 Abdullah Villages Apt. 107\nJoaquinmouth, IL 03797');
INSERT INTO `customer` (`id`, `first_name`, `family_name`, `email`, `address`) VALUES (100, 'Bertrand', 'iste', 'elwyn.farrell@example.com', '78904 Cassandra Meadow\nRyleighton, WV 61278');


INSERT INTO `rated` (`user_rating`, `content_id`, `customer_id`) VALUES (0, 1, 1);
INSERT INTO `rated` (`user_rating`, `content_id`, `customer_id`) VALUES (7263, 1, 10);
INSERT INTO `rated` (`user_rating`, `content_id`, `customer_id`) VALUES (32767, 1, 19);
INSERT INTO `rated` (`user_rating`, `content_id`, `customer_id`) VALUES (32767, 1, 28);
INSERT INTO `rated` (`user_rating`, `content_id`, `customer_id`) VALUES (0, 1, 37);
INSERT INTO `rated` (`user_rating`, `content_id`, `customer_id`) VALUES (2834, 1, 46);
INSERT INTO `rated` (`user_rating`, `content_id`, `customer_id`) VALUES (808, 1, 55);
INSERT INTO `rated` (`user_rating`, `content_id`, `customer_id`) VALUES (0, 1, 64);
INSERT INTO `rated` (`user_rating`, `content_id`, `customer_id`) VALUES (32767, 1, 73);
INSERT INTO `rated` (`user_rating`, `content_id`, `customer_id`) VALUES (4, 1, 82);
INSERT INTO `rated` (`user_rating`, `content_id`, `customer_id`) VALUES (32767, 1, 91);
INSERT INTO `rated` (`user_rating`, `content_id`, `customer_id`) VALUES (0, 1, 100);
INSERT INTO `rated` (`user_rating`, `content_id`, `customer_id`) VALUES (32767, 2, 2);
INSERT INTO `rated` (`user_rating`, `content_id`, `customer_id`) VALUES (0, 2, 11);
INSERT INTO `rated` (`user_rating`, `content_id`, `customer_id`) VALUES (7708, 2, 20);
INSERT INTO `rated` (`user_rating`, `content_id`, `customer_id`) VALUES (32767, 2, 29);
INSERT INTO `rated` (`user_rating`, `content_id`, `customer_id`) VALUES (0, 2, 38);
INSERT INTO `rated` (`user_rating`, `content_id`, `customer_id`) VALUES (32767, 2, 47);
INSERT INTO `rated` (`user_rating`, `content_id`, `customer_id`) VALUES (32767, 2, 56);
INSERT INTO `rated` (`user_rating`, `content_id`, `customer_id`) VALUES (8, 2, 65);
INSERT INTO `rated` (`user_rating`, `content_id`, `customer_id`) VALUES (32025, 2, 74);
INSERT INTO `rated` (`user_rating`, `content_id`, `customer_id`) VALUES (32767, 2, 83);
INSERT INTO `rated` (`user_rating`, `content_id`, `customer_id`) VALUES (8, 2, 92);
INSERT INTO `rated` (`user_rating`, `content_id`, `customer_id`) VALUES (1577, 3, 3);
INSERT INTO `rated` (`user_rating`, `content_id`, `customer_id`) VALUES (32767, 3, 12);
INSERT INTO `rated` (`user_rating`, `content_id`, `customer_id`) VALUES (9982, 3, 21);
INSERT INTO `rated` (`user_rating`, `content_id`, `customer_id`) VALUES (61, 3, 30);
INSERT INTO `rated` (`user_rating`, `content_id`, `customer_id`) VALUES (984, 3, 39);
INSERT INTO `rated` (`user_rating`, `content_id`, `customer_id`) VALUES (32767, 3, 48);
INSERT INTO `rated` (`user_rating`, `content_id`, `customer_id`) VALUES (32767, 3, 57);
INSERT INTO `rated` (`user_rating`, `content_id`, `customer_id`) VALUES (32767, 3, 66);
INSERT INTO `rated` (`user_rating`, `content_id`, `customer_id`) VALUES (18, 3, 75);
INSERT INTO `rated` (`user_rating`, `content_id`, `customer_id`) VALUES (32767, 3, 84);
INSERT INTO `rated` (`user_rating`, `content_id`, `customer_id`) VALUES (32767, 3, 93);
INSERT INTO `rated` (`user_rating`, `content_id`, `customer_id`) VALUES (9159, 4, 4);
INSERT INTO `rated` (`user_rating`, `content_id`, `customer_id`) VALUES (32767, 4, 13);
INSERT INTO `rated` (`user_rating`, `content_id`, `customer_id`) VALUES (0, 4, 22);
INSERT INTO `rated` (`user_rating`, `content_id`, `customer_id`) VALUES (200, 4, 31);
INSERT INTO `rated` (`user_rating`, `content_id`, `customer_id`) VALUES (32767, 4, 40);
INSERT INTO `rated` (`user_rating`, `content_id`, `customer_id`) VALUES (4126, 4, 49);
INSERT INTO `rated` (`user_rating`, `content_id`, `customer_id`) VALUES (1, 4, 58);
INSERT INTO `rated` (`user_rating`, `content_id`, `customer_id`) VALUES (0, 4, 67);
INSERT INTO `rated` (`user_rating`, `content_id`, `customer_id`) VALUES (66, 4, 76);
INSERT INTO `rated` (`user_rating`, `content_id`, `customer_id`) VALUES (32767, 4, 85);
INSERT INTO `rated` (`user_rating`, `content_id`, `customer_id`) VALUES (1, 4, 94);
INSERT INTO `rated` (`user_rating`, `content_id`, `customer_id`) VALUES (8, 5, 5);
INSERT INTO `rated` (`user_rating`, `content_id`, `customer_id`) VALUES (32767, 5, 14);
INSERT INTO `rated` (`user_rating`, `content_id`, `customer_id`) VALUES (5, 5, 23);
INSERT INTO `rated` (`user_rating`, `content_id`, `customer_id`) VALUES (32767, 5, 32);
INSERT INTO `rated` (`user_rating`, `content_id`, `customer_id`) VALUES (28, 5, 41);
INSERT INTO `rated` (`user_rating`, `content_id`, `customer_id`) VALUES (32767, 5, 50);
INSERT INTO `rated` (`user_rating`, `content_id`, `customer_id`) VALUES (32767, 5, 59);
INSERT INTO `rated` (`user_rating`, `content_id`, `customer_id`) VALUES (32767, 5, 68);
INSERT INTO `rated` (`user_rating`, `content_id`, `customer_id`) VALUES (7336, 5, 77);
INSERT INTO `rated` (`user_rating`, `content_id`, `customer_id`) VALUES (6, 5, 86);
INSERT INTO `rated` (`user_rating`, `content_id`, `customer_id`) VALUES (888, 5, 95);
INSERT INTO `rated` (`user_rating`, `content_id`, `customer_id`) VALUES (32767, 6, 6);
INSERT INTO `rated` (`user_rating`, `content_id`, `customer_id`) VALUES (32767, 6, 15);
INSERT INTO `rated` (`user_rating`, `content_id`, `customer_id`) VALUES (8, 6, 24);
INSERT INTO `rated` (`user_rating`, `content_id`, `customer_id`) VALUES (32767, 6, 33);
INSERT INTO `rated` (`user_rating`, `content_id`, `customer_id`) VALUES (32767, 6, 42);
INSERT INTO `rated` (`user_rating`, `content_id`, `customer_id`) VALUES (32767, 6, 51);
INSERT INTO `rated` (`user_rating`, `content_id`, `customer_id`) VALUES (18258, 6, 60);
INSERT INTO `rated` (`user_rating`, `content_id`, `customer_id`) VALUES (1, 6, 69);
INSERT INTO `rated` (`user_rating`, `content_id`, `customer_id`) VALUES (975, 6, 78);
INSERT INTO `rated` (`user_rating`, `content_id`, `customer_id`) VALUES (32767, 6, 87);
INSERT INTO `rated` (`user_rating`, `content_id`, `customer_id`) VALUES (0, 6, 96);
INSERT INTO `rated` (`user_rating`, `content_id`, `customer_id`) VALUES (32767, 7, 7);
INSERT INTO `rated` (`user_rating`, `content_id`, `customer_id`) VALUES (32767, 7, 16);
INSERT INTO `rated` (`user_rating`, `content_id`, `customer_id`) VALUES (4917, 7, 25);
INSERT INTO `rated` (`user_rating`, `content_id`, `customer_id`) VALUES (3809, 7, 34);
INSERT INTO `rated` (`user_rating`, `content_id`, `customer_id`) VALUES (32767, 7, 43);
INSERT INTO `rated` (`user_rating`, `content_id`, `customer_id`) VALUES (6825, 7, 52);
INSERT INTO `rated` (`user_rating`, `content_id`, `customer_id`) VALUES (32767, 7, 61);
INSERT INTO `rated` (`user_rating`, `content_id`, `customer_id`) VALUES (411, 7, 70);
INSERT INTO `rated` (`user_rating`, `content_id`, `customer_id`) VALUES (32767, 7, 79);
INSERT INTO `rated` (`user_rating`, `content_id`, `customer_id`) VALUES (145, 7, 88);
INSERT INTO `rated` (`user_rating`, `content_id`, `customer_id`) VALUES (5055, 7, 97);
INSERT INTO `rated` (`user_rating`, `content_id`, `customer_id`) VALUES (32767, 8, 8);
INSERT INTO `rated` (`user_rating`, `content_id`, `customer_id`) VALUES (814, 8, 17);
INSERT INTO `rated` (`user_rating`, `content_id`, `customer_id`) VALUES (36, 8, 26);
INSERT INTO `rated` (`user_rating`, `content_id`, `customer_id`) VALUES (32767, 8, 35);
INSERT INTO `rated` (`user_rating`, `content_id`, `customer_id`) VALUES (32767, 8, 44);
INSERT INTO `rated` (`user_rating`, `content_id`, `customer_id`) VALUES (32767, 8, 53);
INSERT INTO `rated` (`user_rating`, `content_id`, `customer_id`) VALUES (32767, 8, 62);
INSERT INTO `rated` (`user_rating`, `content_id`, `customer_id`) VALUES (0, 8, 71);
INSERT INTO `rated` (`user_rating`, `content_id`, `customer_id`) VALUES (0, 8, 80);
INSERT INTO `rated` (`user_rating`, `content_id`, `customer_id`) VALUES (1721, 8, 89);
INSERT INTO `rated` (`user_rating`, `content_id`, `customer_id`) VALUES (80, 8, 98);
INSERT INTO `rated` (`user_rating`, `content_id`, `customer_id`) VALUES (0, 9, 9);
INSERT INTO `rated` (`user_rating`, `content_id`, `customer_id`) VALUES (32767, 9, 18);
INSERT INTO `rated` (`user_rating`, `content_id`, `customer_id`) VALUES (6, 9, 27);
INSERT INTO `rated` (`user_rating`, `content_id`, `customer_id`) VALUES (7113, 9, 36);
INSERT INTO `rated` (`user_rating`, `content_id`, `customer_id`) VALUES (7962, 9, 45);
INSERT INTO `rated` (`user_rating`, `content_id`, `customer_id`) VALUES (32767, 9, 54);
INSERT INTO `rated` (`user_rating`, `content_id`, `customer_id`) VALUES (32767, 9, 63);
INSERT INTO `rated` (`user_rating`, `content_id`, `customer_id`) VALUES (13634, 9, 72);
INSERT INTO `rated` (`user_rating`, `content_id`, `customer_id`) VALUES (2, 9, 81);
INSERT INTO `rated` (`user_rating`, `content_id`, `customer_id`) VALUES (1, 9, 90);
INSERT INTO `rated` (`user_rating`, `content_id`, `customer_id`) VALUES (1, 9, 99);

INSERT INTO `series_role` (`role_name`, `series_id`, `crew_id`) VALUES ('dignissimos', 1, 1);
INSERT INTO `series_role` (`role_name`, `series_id`, `crew_id`) VALUES ('et', 2, 2);
INSERT INTO `series_role` (`role_name`, `series_id`, `crew_id`) VALUES ('sed', 3, 3);
INSERT INTO `series_role` (`role_name`, `series_id`, `crew_id`) VALUES ('veniam', 4, 4);
INSERT INTO `series_role` (`role_name`, `series_id`, `crew_id`) VALUES ('cumque', 5, 5);
INSERT INTO `series_role` (`role_name`, `series_id`, `crew_id`) VALUES ('at', 6, 6);
INSERT INTO `series_role` (`role_name`, `series_id`, `crew_id`) VALUES ('cum', 7, 7);
INSERT INTO `series_role` (`role_name`, `series_id`, `crew_id`) VALUES ('tempora', 8, 8);
INSERT INTO `series_role` (`role_name`, `series_id`, `crew_id`) VALUES ('facilis', 9, 9);
INSERT INTO `series_role` (`role_name`, `series_id`, `crew_id`) VALUES ('sunt', 10, 10);
INSERT INTO `series_role` (`role_name`, `series_id`, `crew_id`) VALUES ('sed', 1, 11);
INSERT INTO `series_role` (`role_name`, `series_id`, `crew_id`) VALUES ('aspernatur', 2, 12);
INSERT INTO `series_role` (`role_name`, `series_id`, `crew_id`) VALUES ('voluptatum', 3, 13);
INSERT INTO `series_role` (`role_name`, `series_id`, `crew_id`) VALUES ('maiores', 4, 14);
INSERT INTO `series_role` (`role_name`, `series_id`, `crew_id`) VALUES ('cupiditate', 5, 15);
INSERT INTO `series_role` (`role_name`, `series_id`, `crew_id`) VALUES ('ut', 6, 16);
INSERT INTO `series_role` (`role_name`, `series_id`, `crew_id`) VALUES ('ipsum', 7, 17);
INSERT INTO `series_role` (`role_name`, `series_id`, `crew_id`) VALUES ('voluptatem', 8, 18);
INSERT INTO `series_role` (`role_name`, `series_id`, `crew_id`) VALUES ('optio', 9, 19);
INSERT INTO `series_role` (`role_name`, `series_id`, `crew_id`) VALUES ('dolores', 10, 20);
INSERT INTO `series_role` (`role_name`, `series_id`, `crew_id`) VALUES ('perspiciatis', 1, 21);
INSERT INTO `series_role` (`role_name`, `series_id`, `crew_id`) VALUES ('quos', 2, 22);
INSERT INTO `series_role` (`role_name`, `series_id`, `crew_id`) VALUES ('nisi', 3, 23);
INSERT INTO `series_role` (`role_name`, `series_id`, `crew_id`) VALUES ('voluptatem', 4, 24);
INSERT INTO `series_role` (`role_name`, `series_id`, `crew_id`) VALUES ('et', 5, 25);
INSERT INTO `series_role` (`role_name`, `series_id`, `crew_id`) VALUES ('ut', 6, 26);
INSERT INTO `series_role` (`role_name`, `series_id`, `crew_id`) VALUES ('consectetur', 7, 27);
INSERT INTO `series_role` (`role_name`, `series_id`, `crew_id`) VALUES ('sit', 8, 28);
INSERT INTO `series_role` (`role_name`, `series_id`, `crew_id`) VALUES ('enim', 9, 29);
INSERT INTO `series_role` (`role_name`, `series_id`, `crew_id`) VALUES ('consequatur', 10, 30);
INSERT INTO `series_role` (`role_name`, `series_id`, `crew_id`) VALUES ('consequatur', 1, 31);
INSERT INTO `series_role` (`role_name`, `series_id`, `crew_id`) VALUES ('tempora', 2, 32);
INSERT INTO `series_role` (`role_name`, `series_id`, `crew_id`) VALUES ('architecto', 3, 33);
INSERT INTO `series_role` (`role_name`, `series_id`, `crew_id`) VALUES ('amet', 4, 34);
INSERT INTO `series_role` (`role_name`, `series_id`, `crew_id`) VALUES ('architecto', 5, 35);
INSERT INTO `series_role` (`role_name`, `series_id`, `crew_id`) VALUES ('ut', 6, 36);
INSERT INTO `series_role` (`role_name`, `series_id`, `crew_id`) VALUES ('voluptatibus', 7, 37);
INSERT INTO `series_role` (`role_name`, `series_id`, `crew_id`) VALUES ('enim', 8, 38);
INSERT INTO `series_role` (`role_name`, `series_id`, `crew_id`) VALUES ('est', 9, 39);
INSERT INTO `series_role` (`role_name`, `series_id`, `crew_id`) VALUES ('perferendis', 10, 40);
INSERT INTO `series_role` (`role_name`, `series_id`, `crew_id`) VALUES ('atque', 1, 41);
INSERT INTO `series_role` (`role_name`, `series_id`, `crew_id`) VALUES ('blanditiis', 2, 42);
INSERT INTO `series_role` (`role_name`, `series_id`, `crew_id`) VALUES ('mollitia', 3, 43);
INSERT INTO `series_role` (`role_name`, `series_id`, `crew_id`) VALUES ('aut', 4, 44);
INSERT INTO `series_role` (`role_name`, `series_id`, `crew_id`) VALUES ('quasi', 5, 45);
INSERT INTO `series_role` (`role_name`, `series_id`, `crew_id`) VALUES ('ut', 6, 46);
INSERT INTO `series_role` (`role_name`, `series_id`, `crew_id`) VALUES ('ullam', 7, 47);
INSERT INTO `series_role` (`role_name`, `series_id`, `crew_id`) VALUES ('sint', 8, 48);
INSERT INTO `series_role` (`role_name`, `series_id`, `crew_id`) VALUES ('ut', 9, 49);
INSERT INTO `series_role` (`role_name`, `series_id`, `crew_id`) VALUES ('minus', 10, 50);
INSERT INTO `series_role` (`role_name`, `series_id`, `crew_id`) VALUES ('quis', 1, 51);
INSERT INTO `series_role` (`role_name`, `series_id`, `crew_id`) VALUES ('voluptatem', 2, 52);
INSERT INTO `series_role` (`role_name`, `series_id`, `crew_id`) VALUES ('illum', 3, 53);
INSERT INTO `series_role` (`role_name`, `series_id`, `crew_id`) VALUES ('iusto', 4, 54);
INSERT INTO `series_role` (`role_name`, `series_id`, `crew_id`) VALUES ('ut', 5, 55);
INSERT INTO `series_role` (`role_name`, `series_id`, `crew_id`) VALUES ('corporis', 6, 56);
INSERT INTO `series_role` (`role_name`, `series_id`, `crew_id`) VALUES ('asperiores', 7, 57);
INSERT INTO `series_role` (`role_name`, `series_id`, `crew_id`) VALUES ('nihil', 8, 58);
INSERT INTO `series_role` (`role_name`, `series_id`, `crew_id`) VALUES ('repudiandae', 9, 59);
INSERT INTO `series_role` (`role_name`, `series_id`, `crew_id`) VALUES ('ut', 10, 60);
INSERT INTO `series_role` (`role_name`, `series_id`, `crew_id`) VALUES ('eveniet', 1, 61);
INSERT INTO `series_role` (`role_name`, `series_id`, `crew_id`) VALUES ('iure', 2, 62);
INSERT INTO `series_role` (`role_name`, `series_id`, `crew_id`) VALUES ('nobis', 3, 63);
INSERT INTO `series_role` (`role_name`, `series_id`, `crew_id`) VALUES ('expedita', 4, 64);
INSERT INTO `series_role` (`role_name`, `series_id`, `crew_id`) VALUES ('odio', 5, 65);
INSERT INTO `series_role` (`role_name`, `series_id`, `crew_id`) VALUES ('deleniti', 6, 66);
INSERT INTO `series_role` (`role_name`, `series_id`, `crew_id`) VALUES ('unde', 7, 67);
INSERT INTO `series_role` (`role_name`, `series_id`, `crew_id`) VALUES ('aliquam', 8, 68);
INSERT INTO `series_role` (`role_name`, `series_id`, `crew_id`) VALUES ('ut', 9, 69);
INSERT INTO `series_role` (`role_name`, `series_id`, `crew_id`) VALUES ('assumenda', 10, 70);
INSERT INTO `series_role` (`role_name`, `series_id`, `crew_id`) VALUES ('qui', 1, 71);
INSERT INTO `series_role` (`role_name`, `series_id`, `crew_id`) VALUES ('repellat', 2, 72);
INSERT INTO `series_role` (`role_name`, `series_id`, `crew_id`) VALUES ('officiis', 3, 73);
INSERT INTO `series_role` (`role_name`, `series_id`, `crew_id`) VALUES ('qui', 4, 74);
INSERT INTO `series_role` (`role_name`, `series_id`, `crew_id`) VALUES ('soluta', 5, 75);
INSERT INTO `series_role` (`role_name`, `series_id`, `crew_id`) VALUES ('architecto', 6, 76);
INSERT INTO `series_role` (`role_name`, `series_id`, `crew_id`) VALUES ('possimus', 7, 77);
INSERT INTO `series_role` (`role_name`, `series_id`, `crew_id`) VALUES ('sunt', 8, 78);
INSERT INTO `series_role` (`role_name`, `series_id`, `crew_id`) VALUES ('beatae', 9, 79);
INSERT INTO `series_role` (`role_name`, `series_id`, `crew_id`) VALUES ('sed', 10, 80);
INSERT INTO `series_role` (`role_name`, `series_id`, `crew_id`) VALUES ('consequuntur', 1, 81);
INSERT INTO `series_role` (`role_name`, `series_id`, `crew_id`) VALUES ('qui', 2, 82);
INSERT INTO `series_role` (`role_name`, `series_id`, `crew_id`) VALUES ('sed', 3, 83);
INSERT INTO `series_role` (`role_name`, `series_id`, `crew_id`) VALUES ('ad', 4, 84);
INSERT INTO `series_role` (`role_name`, `series_id`, `crew_id`) VALUES ('omnis', 5, 85);
INSERT INTO `series_role` (`role_name`, `series_id`, `crew_id`) VALUES ('quos', 6, 86);
INSERT INTO `series_role` (`role_name`, `series_id`, `crew_id`) VALUES ('eius', 7, 87);
INSERT INTO `series_role` (`role_name`, `series_id`, `crew_id`) VALUES ('laudantium', 8, 88);
INSERT INTO `series_role` (`role_name`, `series_id`, `crew_id`) VALUES ('aperiam', 9, 89);
INSERT INTO `series_role` (`role_name`, `series_id`, `crew_id`) VALUES ('sit', 10, 90);
INSERT INTO `series_role` (`role_name`, `series_id`, `crew_id`) VALUES ('quam', 1, 91);
INSERT INTO `series_role` (`role_name`, `series_id`, `crew_id`) VALUES ('dignissimos', 2, 92);
INSERT INTO `series_role` (`role_name`, `series_id`, `crew_id`) VALUES ('nulla', 3, 93);
INSERT INTO `series_role` (`role_name`, `series_id`, `crew_id`) VALUES ('deserunt', 4, 94);
INSERT INTO `series_role` (`role_name`, `series_id`, `crew_id`) VALUES ('illo', 5, 95);
INSERT INTO `series_role` (`role_name`, `series_id`, `crew_id`) VALUES ('nemo', 6, 96);
INSERT INTO `series_role` (`role_name`, `series_id`, `crew_id`) VALUES ('velit', 7, 97);
INSERT INTO `series_role` (`role_name`, `series_id`, `crew_id`) VALUES ('ea', 8, 98);
INSERT INTO `series_role` (`role_name`, `series_id`, `crew_id`) VALUES ('aut', 9, 99);
INSERT INTO `series_role` (`role_name`, `series_id`, `crew_id`) VALUES ('aut', 10, 100);


INSERT INTO `watched` (`watched_time`, `content_id`, `customer_id`) VALUES ('1975-10-23 19:20:28', 1, 1);
INSERT INTO `watched` (`watched_time`, `content_id`, `customer_id`) VALUES ('2010-08-08 06:31:22', 2, 2);
INSERT INTO `watched` (`watched_time`, `content_id`, `customer_id`) VALUES ('1991-10-19 06:09:23', 3, 3);
INSERT INTO `watched` (`watched_time`, `content_id`, `customer_id`) VALUES ('1995-10-05 03:36:32', 4, 4);
INSERT INTO `watched` (`watched_time`, `content_id`, `customer_id`) VALUES ('1999-03-27 13:09:59', 5, 5);
INSERT INTO `watched` (`watched_time`, `content_id`, `customer_id`) VALUES ('2010-10-18 06:15:22', 6, 6);
INSERT INTO `watched` (`watched_time`, `content_id`, `customer_id`) VALUES ('1972-09-22 11:59:28', 7, 7);
INSERT INTO `watched` (`watched_time`, `content_id`, `customer_id`) VALUES ('1983-08-27 13:05:17', 8, 8);
INSERT INTO `watched` (`watched_time`, `content_id`, `customer_id`) VALUES ('1991-04-05 11:26:52', 9, 9);
INSERT INTO `watched` (`watched_time`, `content_id`, `customer_id`) VALUES ('2011-05-16 11:26:54', 1, 10);
INSERT INTO `watched` (`watched_time`, `content_id`, `customer_id`) VALUES ('1995-12-14 06:38:49', 2, 11);
INSERT INTO `watched` (`watched_time`, `content_id`, `customer_id`) VALUES ('2015-11-30 15:27:06', 3, 12);
INSERT INTO `watched` (`watched_time`, `content_id`, `customer_id`) VALUES ('1996-03-10 15:58:49', 4, 13);
INSERT INTO `watched` (`watched_time`, `content_id`, `customer_id`) VALUES ('2018-07-25 04:37:15', 5, 14);
INSERT INTO `watched` (`watched_time`, `content_id`, `customer_id`) VALUES ('1986-04-06 13:10:39', 6, 15);
INSERT INTO `watched` (`watched_time`, `content_id`, `customer_id`) VALUES ('1978-05-28 04:13:45', 7, 16);
INSERT INTO `watched` (`watched_time`, `content_id`, `customer_id`) VALUES ('1978-02-20 10:27:35', 8, 17);
INSERT INTO `watched` (`watched_time`, `content_id`, `customer_id`) VALUES ('1972-02-20 09:26:44', 9, 18);
INSERT INTO `watched` (`watched_time`, `content_id`, `customer_id`) VALUES ('1990-03-30 05:36:30', 1, 19);
INSERT INTO `watched` (`watched_time`, `content_id`, `customer_id`) VALUES ('2013-07-13 15:28:43', 2, 20);
INSERT INTO `watched` (`watched_time`, `content_id`, `customer_id`) VALUES ('1998-12-14 07:04:18', 3, 21);
INSERT INTO `watched` (`watched_time`, `content_id`, `customer_id`) VALUES ('1989-10-14 20:43:04', 4, 22);
INSERT INTO `watched` (`watched_time`, `content_id`, `customer_id`) VALUES ('1988-09-16 16:12:11', 5, 23);
INSERT INTO `watched` (`watched_time`, `content_id`, `customer_id`) VALUES ('1987-11-14 14:04:47', 6, 24);
INSERT INTO `watched` (`watched_time`, `content_id`, `customer_id`) VALUES ('2014-01-09 12:27:09', 7, 25);
INSERT INTO `watched` (`watched_time`, `content_id`, `customer_id`) VALUES ('1988-09-17 21:34:53', 8, 26);
INSERT INTO `watched` (`watched_time`, `content_id`, `customer_id`) VALUES ('2011-08-12 20:50:08', 9, 27);
INSERT INTO `watched` (`watched_time`, `content_id`, `customer_id`) VALUES ('2009-06-16 17:18:12', 1, 28);
INSERT INTO `watched` (`watched_time`, `content_id`, `customer_id`) VALUES ('1995-02-09 19:09:05', 2, 29);
INSERT INTO `watched` (`watched_time`, `content_id`, `customer_id`) VALUES ('2003-10-18 02:03:20', 3, 30);
INSERT INTO `watched` (`watched_time`, `content_id`, `customer_id`) VALUES ('2010-08-25 08:27:10', 4, 31);
INSERT INTO `watched` (`watched_time`, `content_id`, `customer_id`) VALUES ('2016-07-05 20:16:43', 5, 32);
INSERT INTO `watched` (`watched_time`, `content_id`, `customer_id`) VALUES ('1993-03-07 08:28:42', 6, 33);
INSERT INTO `watched` (`watched_time`, `content_id`, `customer_id`) VALUES ('2002-01-12 22:05:02', 7, 34);
INSERT INTO `watched` (`watched_time`, `content_id`, `customer_id`) VALUES ('1997-10-03 08:39:29', 8, 35);
INSERT INTO `watched` (`watched_time`, `content_id`, `customer_id`) VALUES ('2015-01-29 01:25:59', 9, 36);
INSERT INTO `watched` (`watched_time`, `content_id`, `customer_id`) VALUES ('1973-01-10 16:45:10', 1, 37);
INSERT INTO `watched` (`watched_time`, `content_id`, `customer_id`) VALUES ('1978-02-02 11:39:55', 2, 38);
INSERT INTO `watched` (`watched_time`, `content_id`, `customer_id`) VALUES ('1992-06-26 11:12:30', 3, 39);
INSERT INTO `watched` (`watched_time`, `content_id`, `customer_id`) VALUES ('2011-09-01 20:58:03', 4, 40);
INSERT INTO `watched` (`watched_time`, `content_id`, `customer_id`) VALUES ('2008-01-23 13:13:38', 5, 41);
INSERT INTO `watched` (`watched_time`, `content_id`, `customer_id`) VALUES ('1971-05-03 06:32:11', 6, 42);
INSERT INTO `watched` (`watched_time`, `content_id`, `customer_id`) VALUES ('1979-04-18 03:56:52', 7, 43);
INSERT INTO `watched` (`watched_time`, `content_id`, `customer_id`) VALUES ('1974-04-08 14:17:18', 8, 44);
INSERT INTO `watched` (`watched_time`, `content_id`, `customer_id`) VALUES ('1990-08-19 04:29:50', 9, 45);
INSERT INTO `watched` (`watched_time`, `content_id`, `customer_id`) VALUES ('2001-05-02 08:20:36', 1, 46);
INSERT INTO `watched` (`watched_time`, `content_id`, `customer_id`) VALUES ('2002-06-21 09:37:37', 2, 47);
INSERT INTO `watched` (`watched_time`, `content_id`, `customer_id`) VALUES ('2005-02-24 10:28:42', 3, 48);
INSERT INTO `watched` (`watched_time`, `content_id`, `customer_id`) VALUES ('1982-10-21 03:01:54', 4, 49);
INSERT INTO `watched` (`watched_time`, `content_id`, `customer_id`) VALUES ('1970-10-23 13:16:24', 5, 50);
INSERT INTO `watched` (`watched_time`, `content_id`, `customer_id`) VALUES ('2016-01-13 02:37:41', 6, 51);
INSERT INTO `watched` (`watched_time`, `content_id`, `customer_id`) VALUES ('2017-01-02 04:17:47', 7, 52);
INSERT INTO `watched` (`watched_time`, `content_id`, `customer_id`) VALUES ('1994-08-07 06:24:22', 8, 53);
INSERT INTO `watched` (`watched_time`, `content_id`, `customer_id`) VALUES ('1992-09-15 10:05:23', 9, 54);
INSERT INTO `watched` (`watched_time`, `content_id`, `customer_id`) VALUES ('1991-03-03 13:09:25', 1, 55);
INSERT INTO `watched` (`watched_time`, `content_id`, `customer_id`) VALUES ('2019-03-31 18:08:01', 2, 56);
INSERT INTO `watched` (`watched_time`, `content_id`, `customer_id`) VALUES ('2009-08-16 11:05:33', 3, 57);
INSERT INTO `watched` (`watched_time`, `content_id`, `customer_id`) VALUES ('1997-02-27 10:40:36', 4, 58);
INSERT INTO `watched` (`watched_time`, `content_id`, `customer_id`) VALUES ('2014-04-11 22:14:52', 5, 59);
INSERT INTO `watched` (`watched_time`, `content_id`, `customer_id`) VALUES ('1974-06-13 08:57:24', 6, 60);
INSERT INTO `watched` (`watched_time`, `content_id`, `customer_id`) VALUES ('2008-11-28 05:33:02', 7, 61);
INSERT INTO `watched` (`watched_time`, `content_id`, `customer_id`) VALUES ('2020-10-30 15:55:52', 8, 62);
INSERT INTO `watched` (`watched_time`, `content_id`, `customer_id`) VALUES ('1982-03-01 19:25:06', 9, 63);
INSERT INTO `watched` (`watched_time`, `content_id`, `customer_id`) VALUES ('1991-12-05 23:50:37', 1, 64);
INSERT INTO `watched` (`watched_time`, `content_id`, `customer_id`) VALUES ('1995-03-12 03:36:29', 2, 65);
INSERT INTO `watched` (`watched_time`, `content_id`, `customer_id`) VALUES ('2015-09-25 08:50:20', 3, 66);
INSERT INTO `watched` (`watched_time`, `content_id`, `customer_id`) VALUES ('1991-06-29 05:08:41', 4, 67);
INSERT INTO `watched` (`watched_time`, `content_id`, `customer_id`) VALUES ('1996-10-16 01:47:55', 5, 68);
INSERT INTO `watched` (`watched_time`, `content_id`, `customer_id`) VALUES ('1981-07-24 07:18:18', 6, 69);
INSERT INTO `watched` (`watched_time`, `content_id`, `customer_id`) VALUES ('2013-08-06 07:26:19', 7, 70);
INSERT INTO `watched` (`watched_time`, `content_id`, `customer_id`) VALUES ('1998-11-18 06:29:15', 8, 71);
INSERT INTO `watched` (`watched_time`, `content_id`, `customer_id`) VALUES ('1983-06-15 04:55:01', 9, 72);
INSERT INTO `watched` (`watched_time`, `content_id`, `customer_id`) VALUES ('1991-06-17 17:02:48', 1, 73);
INSERT INTO `watched` (`watched_time`, `content_id`, `customer_id`) VALUES ('1992-07-13 18:15:13', 2, 74);
INSERT INTO `watched` (`watched_time`, `content_id`, `customer_id`) VALUES ('1998-08-15 05:13:39', 3, 75);
INSERT INTO `watched` (`watched_time`, `content_id`, `customer_id`) VALUES ('1976-10-21 22:11:25', 4, 76);
INSERT INTO `watched` (`watched_time`, `content_id`, `customer_id`) VALUES ('1981-03-05 16:14:39', 5, 77);
INSERT INTO `watched` (`watched_time`, `content_id`, `customer_id`) VALUES ('1971-12-20 22:43:52', 6, 78);
INSERT INTO `watched` (`watched_time`, `content_id`, `customer_id`) VALUES ('2007-12-20 09:27:23', 7, 79);
INSERT INTO `watched` (`watched_time`, `content_id`, `customer_id`) VALUES ('1992-12-12 17:54:00', 8, 80);
INSERT INTO `watched` (`watched_time`, `content_id`, `customer_id`) VALUES ('1994-05-11 08:40:01', 9, 81);
INSERT INTO `watched` (`watched_time`, `content_id`, `customer_id`) VALUES ('1973-03-20 20:48:50', 1, 82);
INSERT INTO `watched` (`watched_time`, `content_id`, `customer_id`) VALUES ('2014-12-10 21:27:58', 2, 83);
INSERT INTO `watched` (`watched_time`, `content_id`, `customer_id`) VALUES ('2018-08-16 14:45:08', 3, 84);
INSERT INTO `watched` (`watched_time`, `content_id`, `customer_id`) VALUES ('1999-03-03 23:09:05', 4, 85);
INSERT INTO `watched` (`watched_time`, `content_id`, `customer_id`) VALUES ('2020-07-14 20:10:33', 5, 86);
INSERT INTO `watched` (`watched_time`, `content_id`, `customer_id`) VALUES ('1995-06-16 01:00:34', 6, 87);
INSERT INTO `watched` (`watched_time`, `content_id`, `customer_id`) VALUES ('2011-07-04 22:45:41', 7, 88);
INSERT INTO `watched` (`watched_time`, `content_id`, `customer_id`) VALUES ('1981-09-29 22:53:57', 8, 89);
INSERT INTO `watched` (`watched_time`, `content_id`, `customer_id`) VALUES ('2008-04-01 04:06:28', 9, 90);
INSERT INTO `watched` (`watched_time`, `content_id`, `customer_id`) VALUES ('2008-09-12 02:14:13', 1, 91);
INSERT INTO `watched` (`watched_time`, `content_id`, `customer_id`) VALUES ('1981-04-22 14:44:58', 2, 92);
INSERT INTO `watched` (`watched_time`, `content_id`, `customer_id`) VALUES ('2018-04-06 20:34:32', 3, 93);
INSERT INTO `watched` (`watched_time`, `content_id`, `customer_id`) VALUES ('1990-12-24 08:34:07', 4, 94);
INSERT INTO `watched` (`watched_time`, `content_id`, `customer_id`) VALUES ('1976-06-10 04:44:54', 5, 95);
INSERT INTO `watched` (`watched_time`, `content_id`, `customer_id`) VALUES ('1988-05-19 18:39:28', 6, 96);
INSERT INTO `watched` (`watched_time`, `content_id`, `customer_id`) VALUES ('2020-11-09 23:35:20', 7, 97);
INSERT INTO `watched` (`watched_time`, `content_id`, `customer_id`) VALUES ('2017-05-05 17:34:10', 8, 98);
INSERT INTO `watched` (`watched_time`, `content_id`, `customer_id`) VALUES ('1984-05-28 06:43:01', 9, 99);
INSERT INTO `watched` (`watched_time`, `content_id`, `customer_id`) VALUES ('2010-11-25 13:33:44', 1, 100);

INSERT INTO `subscription_type` (`id`, `name`) VALUES (1, 'quas');
INSERT INTO `subscription_type` (`id`, `name`) VALUES (3, 'sequi');
INSERT INTO `subscription_type` (`id`, `name`) VALUES (2, 'voluptates');

INSERT INTO `subscription_to_type` (`content_id`, `subscription_id`) VALUES (1, 1);
INSERT INTO `subscription_to_type` (`content_id`, `subscription_id`) VALUES (2, 2);
INSERT INTO `subscription_to_type` (`content_id`, `subscription_id`) VALUES (3, 3);
INSERT INTO `subscription_to_type` (`content_id`, `subscription_id`) VALUES (4, 1);
INSERT INTO `subscription_to_type` (`content_id`, `subscription_id`) VALUES (5, 2);
INSERT INTO `subscription_to_type` (`content_id`, `subscription_id`) VALUES (6, 3);
INSERT INTO `subscription_to_type` (`content_id`, `subscription_id`) VALUES (7, 1);
INSERT INTO `subscription_to_type` (`content_id`, `subscription_id`) VALUES (8, 2);
INSERT INTO `subscription_to_type` (`content_id`, `subscription_id`) VALUES (9, 3);
INSERT INTO `subscription_to_type` (`content_id`, `subscription_id`) VALUES (1, 1);
INSERT INTO `subscription_to_type` (`content_id`, `subscription_id`) VALUES (2, 2);
INSERT INTO `subscription_to_type` (`content_id`, `subscription_id`) VALUES (3, 3);
INSERT INTO `subscription_to_type` (`content_id`, `subscription_id`) VALUES (4, 1);
INSERT INTO `subscription_to_type` (`content_id`, `subscription_id`) VALUES (5, 2);
INSERT INTO `subscription_to_type` (`content_id`, `subscription_id`) VALUES (6, 3);
INSERT INTO `subscription_to_type` (`content_id`, `subscription_id`) VALUES (7, 1);
INSERT INTO `subscription_to_type` (`content_id`, `subscription_id`) VALUES (8, 2);
INSERT INTO `subscription_to_type` (`content_id`, `subscription_id`) VALUES (9, 3);
INSERT INTO `subscription_to_type` (`content_id`, `subscription_id`) VALUES (1, 1);
INSERT INTO `subscription_to_type` (`content_id`, `subscription_id`) VALUES (2, 2);
INSERT INTO `subscription_to_type` (`content_id`, `subscription_id`) VALUES (3, 3);
INSERT INTO `subscription_to_type` (`content_id`, `subscription_id`) VALUES (4, 1);
INSERT INTO `subscription_to_type` (`content_id`, `subscription_id`) VALUES (5, 2);
INSERT INTO `subscription_to_type` (`content_id`, `subscription_id`) VALUES (6, 3);
INSERT INTO `subscription_to_type` (`content_id`, `subscription_id`) VALUES (7, 1);
INSERT INTO `subscription_to_type` (`content_id`, `subscription_id`) VALUES (8, 2);
INSERT INTO `subscription_to_type` (`content_id`, `subscription_id`) VALUES (9, 3);
INSERT INTO `subscription_to_type` (`content_id`, `subscription_id`) VALUES (1, 1);
INSERT INTO `subscription_to_type` (`content_id`, `subscription_id`) VALUES (2, 2);
INSERT INTO `subscription_to_type` (`content_id`, `subscription_id`) VALUES (3, 3);
INSERT INTO `subscription_to_type` (`content_id`, `subscription_id`) VALUES (4, 1);
INSERT INTO `subscription_to_type` (`content_id`, `subscription_id`) VALUES (5, 2);
INSERT INTO `subscription_to_type` (`content_id`, `subscription_id`) VALUES (6, 3);
INSERT INTO `subscription_to_type` (`content_id`, `subscription_id`) VALUES (7, 1);
INSERT INTO `subscription_to_type` (`content_id`, `subscription_id`) VALUES (8, 2);
INSERT INTO `subscription_to_type` (`content_id`, `subscription_id`) VALUES (9, 3);
INSERT INTO `subscription_to_type` (`content_id`, `subscription_id`) VALUES (1, 1);
INSERT INTO `subscription_to_type` (`content_id`, `subscription_id`) VALUES (2, 2);
INSERT INTO `subscription_to_type` (`content_id`, `subscription_id`) VALUES (3, 3);
INSERT INTO `subscription_to_type` (`content_id`, `subscription_id`) VALUES (4, 1);
INSERT INTO `subscription_to_type` (`content_id`, `subscription_id`) VALUES (5, 2);
INSERT INTO `subscription_to_type` (`content_id`, `subscription_id`) VALUES (6, 3);
INSERT INTO `subscription_to_type` (`content_id`, `subscription_id`) VALUES (7, 1);
INSERT INTO `subscription_to_type` (`content_id`, `subscription_id`) VALUES (8, 2);
INSERT INTO `subscription_to_type` (`content_id`, `subscription_id`) VALUES (9, 3);
INSERT INTO `subscription_to_type` (`content_id`, `subscription_id`) VALUES (1, 1);
INSERT INTO `subscription_to_type` (`content_id`, `subscription_id`) VALUES (2, 2);
INSERT INTO `subscription_to_type` (`content_id`, `subscription_id`) VALUES (3, 3);
INSERT INTO `subscription_to_type` (`content_id`, `subscription_id`) VALUES (4, 1);
INSERT INTO `subscription_to_type` (`content_id`, `subscription_id`) VALUES (5, 2);
INSERT INTO `subscription_to_type` (`content_id`, `subscription_id`) VALUES (6, 3);
INSERT INTO `subscription_to_type` (`content_id`, `subscription_id`) VALUES (7, 1);
INSERT INTO `subscription_to_type` (`content_id`, `subscription_id`) VALUES (8, 2);
INSERT INTO `subscription_to_type` (`content_id`, `subscription_id`) VALUES (9, 3);
INSERT INTO `subscription_to_type` (`content_id`, `subscription_id`) VALUES (1, 1);
INSERT INTO `subscription_to_type` (`content_id`, `subscription_id`) VALUES (2, 2);
INSERT INTO `subscription_to_type` (`content_id`, `subscription_id`) VALUES (3, 3);
INSERT INTO `subscription_to_type` (`content_id`, `subscription_id`) VALUES (4, 1);
INSERT INTO `subscription_to_type` (`content_id`, `subscription_id`) VALUES (5, 2);
INSERT INTO `subscription_to_type` (`content_id`, `subscription_id`) VALUES (6, 3);
INSERT INTO `subscription_to_type` (`content_id`, `subscription_id`) VALUES (7, 1);
INSERT INTO `subscription_to_type` (`content_id`, `subscription_id`) VALUES (8, 2);
INSERT INTO `subscription_to_type` (`content_id`, `subscription_id`) VALUES (9, 3);
INSERT INTO `subscription_to_type` (`content_id`, `subscription_id`) VALUES (1, 1);
INSERT INTO `subscription_to_type` (`content_id`, `subscription_id`) VALUES (2, 2);
INSERT INTO `subscription_to_type` (`content_id`, `subscription_id`) VALUES (3, 3);
INSERT INTO `subscription_to_type` (`content_id`, `subscription_id`) VALUES (4, 1);
INSERT INTO `subscription_to_type` (`content_id`, `subscription_id`) VALUES (5, 2);
INSERT INTO `subscription_to_type` (`content_id`, `subscription_id`) VALUES (6, 3);
INSERT INTO `subscription_to_type` (`content_id`, `subscription_id`) VALUES (7, 1);
INSERT INTO `subscription_to_type` (`content_id`, `subscription_id`) VALUES (8, 2);
INSERT INTO `subscription_to_type` (`content_id`, `subscription_id`) VALUES (9, 3);
INSERT INTO `subscription_to_type` (`content_id`, `subscription_id`) VALUES (1, 1);
INSERT INTO `subscription_to_type` (`content_id`, `subscription_id`) VALUES (2, 2);
INSERT INTO `subscription_to_type` (`content_id`, `subscription_id`) VALUES (3, 3);
INSERT INTO `subscription_to_type` (`content_id`, `subscription_id`) VALUES (4, 1);
INSERT INTO `subscription_to_type` (`content_id`, `subscription_id`) VALUES (5, 2);
INSERT INTO `subscription_to_type` (`content_id`, `subscription_id`) VALUES (6, 3);
INSERT INTO `subscription_to_type` (`content_id`, `subscription_id`) VALUES (7, 1);
INSERT INTO `subscription_to_type` (`content_id`, `subscription_id`) VALUES (8, 2);
INSERT INTO `subscription_to_type` (`content_id`, `subscription_id`) VALUES (9, 3);
INSERT INTO `subscription_to_type` (`content_id`, `subscription_id`) VALUES (1, 1);
INSERT INTO `subscription_to_type` (`content_id`, `subscription_id`) VALUES (2, 2);
INSERT INTO `subscription_to_type` (`content_id`, `subscription_id`) VALUES (3, 3);
INSERT INTO `subscription_to_type` (`content_id`, `subscription_id`) VALUES (4, 1);
INSERT INTO `subscription_to_type` (`content_id`, `subscription_id`) VALUES (5, 2);
INSERT INTO `subscription_to_type` (`content_id`, `subscription_id`) VALUES (6, 3);
INSERT INTO `subscription_to_type` (`content_id`, `subscription_id`) VALUES (7, 1);
INSERT INTO `subscription_to_type` (`content_id`, `subscription_id`) VALUES (8, 2);
INSERT INTO `subscription_to_type` (`content_id`, `subscription_id`) VALUES (9, 3);
INSERT INTO `subscription_to_type` (`content_id`, `subscription_id`) VALUES (1, 1);
INSERT INTO `subscription_to_type` (`content_id`, `subscription_id`) VALUES (2, 2);
INSERT INTO `subscription_to_type` (`content_id`, `subscription_id`) VALUES (3, 3);
INSERT INTO `subscription_to_type` (`content_id`, `subscription_id`) VALUES (4, 1);
INSERT INTO `subscription_to_type` (`content_id`, `subscription_id`) VALUES (5, 2);
INSERT INTO `subscription_to_type` (`content_id`, `subscription_id`) VALUES (6, 3);
INSERT INTO `subscription_to_type` (`content_id`, `subscription_id`) VALUES (7, 1);
INSERT INTO `subscription_to_type` (`content_id`, `subscription_id`) VALUES (8, 2);
INSERT INTO `subscription_to_type` (`content_id`, `subscription_id`) VALUES (9, 3);
INSERT INTO `subscription_to_type` (`content_id`, `subscription_id`) VALUES (1, 1);

INSERT INTO `subscription_plan` (`id`, `name`, `cost`) VALUES (1, 'debitis', 83987);
INSERT INTO `subscription_plan` (`id`, `name`, `cost`) VALUES (2, 'voluptatibus', 237);
INSERT INTO `subscription_plan` (`id`, `name`, `cost`) VALUES (3, 'aspernatur', 161865328);
INSERT INTO `subscription_plan` (`id`, `name`, `cost`) VALUES (4, 'quo', 261257);
INSERT INTO `subscription_plan` (`id`, `name`, `cost`) VALUES (5, 'nihil', 18025355);

INSERT INTO `subscription` (`start_date`, `end_date`, `subscription_plan_id`, `customer_id`) VALUES ('2012-01-07', '2002-02-12', 1, 1);
INSERT INTO `subscription` (`start_date`, `end_date`, `subscription_plan_id`, `customer_id`) VALUES ('1984-10-06', '1995-04-30', 1, 6);
INSERT INTO `subscription` (`start_date`, `end_date`, `subscription_plan_id`, `customer_id`) VALUES ('1979-10-10', '1970-05-12', 1, 11);
INSERT INTO `subscription` (`start_date`, `end_date`, `subscription_plan_id`, `customer_id`) VALUES ('1980-09-14', '2005-10-09', 1, 16);
INSERT INTO `subscription` (`start_date`, `end_date`, `subscription_plan_id`, `customer_id`) VALUES ('1979-02-02', '1983-11-04', 1, 21);
INSERT INTO `subscription` (`start_date`, `end_date`, `subscription_plan_id`, `customer_id`) VALUES ('1989-09-25', '1976-10-19', 1, 26);
INSERT INTO `subscription` (`start_date`, `end_date`, `subscription_plan_id`, `customer_id`) VALUES ('1998-05-02', '1970-04-19', 1, 31);
INSERT INTO `subscription` (`start_date`, `end_date`, `subscription_plan_id`, `customer_id`) VALUES ('2002-07-10', '2011-04-03', 1, 36);
INSERT INTO `subscription` (`start_date`, `end_date`, `subscription_plan_id`, `customer_id`) VALUES ('1994-11-05', '1992-08-13', 1, 41);
INSERT INTO `subscription` (`start_date`, `end_date`, `subscription_plan_id`, `customer_id`) VALUES ('1987-03-01', '2018-05-11', 1, 46);
INSERT INTO `subscription` (`start_date`, `end_date`, `subscription_plan_id`, `customer_id`) VALUES ('2012-06-26', '2003-07-24', 1, 51);
INSERT INTO `subscription` (`start_date`, `end_date`, `subscription_plan_id`, `customer_id`) VALUES ('1974-04-10', '1984-01-18', 1, 56);
INSERT INTO `subscription` (`start_date`, `end_date`, `subscription_plan_id`, `customer_id`) VALUES ('1983-09-15', '1987-10-04', 1, 61);
INSERT INTO `subscription` (`start_date`, `end_date`, `subscription_plan_id`, `customer_id`) VALUES ('1988-10-11', '1985-03-24', 1, 66);
INSERT INTO `subscription` (`start_date`, `end_date`, `subscription_plan_id`, `customer_id`) VALUES ('1999-11-13', '2008-08-09', 1, 71);
INSERT INTO `subscription` (`start_date`, `end_date`, `subscription_plan_id`, `customer_id`) VALUES ('1986-11-17', '1978-09-27', 1, 76);
INSERT INTO `subscription` (`start_date`, `end_date`, `subscription_plan_id`, `customer_id`) VALUES ('1979-02-16', '2009-07-16', 1, 81);
INSERT INTO `subscription` (`start_date`, `end_date`, `subscription_plan_id`, `customer_id`) VALUES ('2022-06-02', '2020-11-10', 1, 86);
INSERT INTO `subscription` (`start_date`, `end_date`, `subscription_plan_id`, `customer_id`) VALUES ('1974-07-29', '2018-01-26', 1, 91);
INSERT INTO `subscription` (`start_date`, `end_date`, `subscription_plan_id`, `customer_id`) VALUES ('2016-06-26', '2010-04-13', 1, 96);
INSERT INTO `subscription` (`start_date`, `end_date`, `subscription_plan_id`, `customer_id`) VALUES ('2009-01-03', '2022-01-07', 2, 2);
INSERT INTO `subscription` (`start_date`, `end_date`, `subscription_plan_id`, `customer_id`) VALUES ('1980-04-12', '2011-04-02', 2, 7);
INSERT INTO `subscription` (`start_date`, `end_date`, `subscription_plan_id`, `customer_id`) VALUES ('2012-07-16', '1998-02-07', 2, 12);
INSERT INTO `subscription` (`start_date`, `end_date`, `subscription_plan_id`, `customer_id`) VALUES ('1991-03-20', '2014-01-06', 2, 17);
INSERT INTO `subscription` (`start_date`, `end_date`, `subscription_plan_id`, `customer_id`) VALUES ('1975-06-23', '1970-05-28', 2, 22);
INSERT INTO `subscription` (`start_date`, `end_date`, `subscription_plan_id`, `customer_id`) VALUES ('2006-01-08', '1978-11-29', 2, 27);
INSERT INTO `subscription` (`start_date`, `end_date`, `subscription_plan_id`, `customer_id`) VALUES ('2015-06-09', '1994-12-11', 2, 32);
INSERT INTO `subscription` (`start_date`, `end_date`, `subscription_plan_id`, `customer_id`) VALUES ('1978-04-09', '1997-06-09', 2, 37);
INSERT INTO `subscription` (`start_date`, `end_date`, `subscription_plan_id`, `customer_id`) VALUES ('2013-01-05', '2000-11-06', 2, 42);
INSERT INTO `subscription` (`start_date`, `end_date`, `subscription_plan_id`, `customer_id`) VALUES ('2007-09-03', '1986-09-10', 2, 47);
INSERT INTO `subscription` (`start_date`, `end_date`, `subscription_plan_id`, `customer_id`) VALUES ('2003-08-16', '1984-05-21', 2, 52);
INSERT INTO `subscription` (`start_date`, `end_date`, `subscription_plan_id`, `customer_id`) VALUES ('1997-04-27', '1979-02-20', 2, 57);
INSERT INTO `subscription` (`start_date`, `end_date`, `subscription_plan_id`, `customer_id`) VALUES ('1980-01-01', '1973-06-26', 2, 62);
INSERT INTO `subscription` (`start_date`, `end_date`, `subscription_plan_id`, `customer_id`) VALUES ('1993-10-03', '1986-12-01', 2, 67);
INSERT INTO `subscription` (`start_date`, `end_date`, `subscription_plan_id`, `customer_id`) VALUES ('2021-06-04', '2012-12-13', 2, 72);
INSERT INTO `subscription` (`start_date`, `end_date`, `subscription_plan_id`, `customer_id`) VALUES ('1991-02-06', '1997-04-03', 2, 77);
INSERT INTO `subscription` (`start_date`, `end_date`, `subscription_plan_id`, `customer_id`) VALUES ('1977-05-09', '2000-11-10', 2, 82);
INSERT INTO `subscription` (`start_date`, `end_date`, `subscription_plan_id`, `customer_id`) VALUES ('1971-05-21', '2004-09-09', 2, 87);
INSERT INTO `subscription` (`start_date`, `end_date`, `subscription_plan_id`, `customer_id`) VALUES ('1996-07-04', '1987-06-27', 2, 92);
INSERT INTO `subscription` (`start_date`, `end_date`, `subscription_plan_id`, `customer_id`) VALUES ('2020-04-16', '1991-02-24', 2, 97);
INSERT INTO `subscription` (`start_date`, `end_date`, `subscription_plan_id`, `customer_id`) VALUES ('2006-01-30', '2014-09-11', 3, 3);
INSERT INTO `subscription` (`start_date`, `end_date`, `subscription_plan_id`, `customer_id`) VALUES ('2015-10-12', '1991-04-07', 3, 8);
INSERT INTO `subscription` (`start_date`, `end_date`, `subscription_plan_id`, `customer_id`) VALUES ('1975-06-29', '1985-03-08', 3, 13);
INSERT INTO `subscription` (`start_date`, `end_date`, `subscription_plan_id`, `customer_id`) VALUES ('1974-09-08', '2012-04-28', 3, 18);
INSERT INTO `subscription` (`start_date`, `end_date`, `subscription_plan_id`, `customer_id`) VALUES ('2016-03-29', '2018-05-02', 3, 23);
INSERT INTO `subscription` (`start_date`, `end_date`, `subscription_plan_id`, `customer_id`) VALUES ('1971-02-08', '2013-10-07', 3, 28);
INSERT INTO `subscription` (`start_date`, `end_date`, `subscription_plan_id`, `customer_id`) VALUES ('2005-11-30', '2018-01-07', 3, 33);
INSERT INTO `subscription` (`start_date`, `end_date`, `subscription_plan_id`, `customer_id`) VALUES ('1999-08-04', '2008-01-31', 3, 38);
INSERT INTO `subscription` (`start_date`, `end_date`, `subscription_plan_id`, `customer_id`) VALUES ('1976-01-31', '1972-11-17', 3, 43);
INSERT INTO `subscription` (`start_date`, `end_date`, `subscription_plan_id`, `customer_id`) VALUES ('1988-04-26', '2022-07-03', 3, 48);
INSERT INTO `subscription` (`start_date`, `end_date`, `subscription_plan_id`, `customer_id`) VALUES ('2010-11-15', '2021-01-04', 3, 53);
INSERT INTO `subscription` (`start_date`, `end_date`, `subscription_plan_id`, `customer_id`) VALUES ('1994-01-29', '1998-01-08', 3, 58);
INSERT INTO `subscription` (`start_date`, `end_date`, `subscription_plan_id`, `customer_id`) VALUES ('1972-09-18', '2022-08-13', 3, 63);
INSERT INTO `subscription` (`start_date`, `end_date`, `subscription_plan_id`, `customer_id`) VALUES ('1974-07-03', '1990-07-27', 3, 68);
INSERT INTO `subscription` (`start_date`, `end_date`, `subscription_plan_id`, `customer_id`) VALUES ('1993-08-05', '2001-08-28', 3, 73);
INSERT INTO `subscription` (`start_date`, `end_date`, `subscription_plan_id`, `customer_id`) VALUES ('2010-12-20', '1989-02-18', 3, 78);
INSERT INTO `subscription` (`start_date`, `end_date`, `subscription_plan_id`, `customer_id`) VALUES ('1982-08-06', '1997-09-17', 3, 83);
INSERT INTO `subscription` (`start_date`, `end_date`, `subscription_plan_id`, `customer_id`) VALUES ('1977-08-26', '2002-05-11', 3, 88);
INSERT INTO `subscription` (`start_date`, `end_date`, `subscription_plan_id`, `customer_id`) VALUES ('2006-10-02', '2012-07-28', 3, 93);
INSERT INTO `subscription` (`start_date`, `end_date`, `subscription_plan_id`, `customer_id`) VALUES ('2021-09-21', '2022-03-30', 3, 98);
INSERT INTO `subscription` (`start_date`, `end_date`, `subscription_plan_id`, `customer_id`) VALUES ('1993-06-21', '2007-09-07', 4, 4);
INSERT INTO `subscription` (`start_date`, `end_date`, `subscription_plan_id`, `customer_id`) VALUES ('1973-04-07', '2001-01-09', 4, 9);
INSERT INTO `subscription` (`start_date`, `end_date`, `subscription_plan_id`, `customer_id`) VALUES ('1978-11-17', '2003-09-30', 4, 14);
INSERT INTO `subscription` (`start_date`, `end_date`, `subscription_plan_id`, `customer_id`) VALUES ('1981-09-01', '2020-03-26', 4, 19);
INSERT INTO `subscription` (`start_date`, `end_date`, `subscription_plan_id`, `customer_id`) VALUES ('1989-09-29', '2003-06-05', 4, 24);
INSERT INTO `subscription` (`start_date`, `end_date`, `subscription_plan_id`, `customer_id`) VALUES ('1976-09-11', '2013-08-30', 4, 29);
INSERT INTO `subscription` (`start_date`, `end_date`, `subscription_plan_id`, `customer_id`) VALUES ('1985-03-20', '2015-03-24', 4, 34);
INSERT INTO `subscription` (`start_date`, `end_date`, `subscription_plan_id`, `customer_id`) VALUES ('1978-07-12', '2022-09-15', 4, 39);
INSERT INTO `subscription` (`start_date`, `end_date`, `subscription_plan_id`, `customer_id`) VALUES ('2013-05-04', '2017-10-24', 4, 44);
INSERT INTO `subscription` (`start_date`, `end_date`, `subscription_plan_id`, `customer_id`) VALUES ('2018-07-14', '1975-01-09', 4, 49);
INSERT INTO `subscription` (`start_date`, `end_date`, `subscription_plan_id`, `customer_id`) VALUES ('2000-04-26', '2013-03-30', 4, 54);
INSERT INTO `subscription` (`start_date`, `end_date`, `subscription_plan_id`, `customer_id`) VALUES ('2016-05-27', '2014-12-06', 4, 59);
INSERT INTO `subscription` (`start_date`, `end_date`, `subscription_plan_id`, `customer_id`) VALUES ('2007-09-15', '2008-09-21', 4, 64);
INSERT INTO `subscription` (`start_date`, `end_date`, `subscription_plan_id`, `customer_id`) VALUES ('1989-05-05', '2011-04-16', 4, 69);
INSERT INTO `subscription` (`start_date`, `end_date`, `subscription_plan_id`, `customer_id`) VALUES ('2022-11-13', '1994-08-30', 4, 74);
INSERT INTO `subscription` (`start_date`, `end_date`, `subscription_plan_id`, `customer_id`) VALUES ('1972-07-02', '2009-09-10', 4, 79);
INSERT INTO `subscription` (`start_date`, `end_date`, `subscription_plan_id`, `customer_id`) VALUES ('2015-10-19', '2004-06-25', 4, 84);
INSERT INTO `subscription` (`start_date`, `end_date`, `subscription_plan_id`, `customer_id`) VALUES ('1978-05-22', '1986-05-24', 4, 89);
INSERT INTO `subscription` (`start_date`, `end_date`, `subscription_plan_id`, `customer_id`) VALUES ('2008-09-18', '1988-03-19', 4, 94);
INSERT INTO `subscription` (`start_date`, `end_date`, `subscription_plan_id`, `customer_id`) VALUES ('1998-06-02', '2001-07-10', 4, 99);
INSERT INTO `subscription` (`start_date`, `end_date`, `subscription_plan_id`, `customer_id`) VALUES ('2008-01-12', '1997-04-04', 5, 5);
INSERT INTO `subscription` (`start_date`, `end_date`, `subscription_plan_id`, `customer_id`) VALUES ('2022-03-27', '2014-07-13', 5, 10);
INSERT INTO `subscription` (`start_date`, `end_date`, `subscription_plan_id`, `customer_id`) VALUES ('1983-10-11', '1982-11-25', 5, 15);
INSERT INTO `subscription` (`start_date`, `end_date`, `subscription_plan_id`, `customer_id`) VALUES ('2010-03-09', '1997-09-17', 5, 20);
INSERT INTO `subscription` (`start_date`, `end_date`, `subscription_plan_id`, `customer_id`) VALUES ('1971-03-13', '2011-07-28', 5, 25);
INSERT INTO `subscription` (`start_date`, `end_date`, `subscription_plan_id`, `customer_id`) VALUES ('1984-09-06', '1978-10-05', 5, 30);
INSERT INTO `subscription` (`start_date`, `end_date`, `subscription_plan_id`, `customer_id`) VALUES ('1983-01-02', '2019-09-12', 5, 35);
INSERT INTO `subscription` (`start_date`, `end_date`, `subscription_plan_id`, `customer_id`) VALUES ('1995-09-13', '2020-01-08', 5, 40);
INSERT INTO `subscription` (`start_date`, `end_date`, `subscription_plan_id`, `customer_id`) VALUES ('1995-07-04', '1992-11-21', 5, 45);
INSERT INTO `subscription` (`start_date`, `end_date`, `subscription_plan_id`, `customer_id`) VALUES ('2004-08-07', '2019-01-21', 5, 50);
INSERT INTO `subscription` (`start_date`, `end_date`, `subscription_plan_id`, `customer_id`) VALUES ('2005-10-01', '1999-03-01', 5, 55);
INSERT INTO `subscription` (`start_date`, `end_date`, `subscription_plan_id`, `customer_id`) VALUES ('2002-11-06', '1985-12-15', 5, 60);
INSERT INTO `subscription` (`start_date`, `end_date`, `subscription_plan_id`, `customer_id`) VALUES ('1982-06-29', '1991-10-02', 5, 65);
INSERT INTO `subscription` (`start_date`, `end_date`, `subscription_plan_id`, `customer_id`) VALUES ('2002-08-22', '1998-04-06', 5, 70);
INSERT INTO `subscription` (`start_date`, `end_date`, `subscription_plan_id`, `customer_id`) VALUES ('2021-06-25', '1980-03-15', 5, 75);
INSERT INTO `subscription` (`start_date`, `end_date`, `subscription_plan_id`, `customer_id`) VALUES ('2018-06-23', '2000-12-04', 5, 80);
INSERT INTO `subscription` (`start_date`, `end_date`, `subscription_plan_id`, `customer_id`) VALUES ('2000-07-15', '1986-10-19', 5, 85);
INSERT INTO `subscription` (`start_date`, `end_date`, `subscription_plan_id`, `customer_id`) VALUES ('2011-08-26', '1985-11-02', 5, 90);
INSERT INTO `subscription` (`start_date`, `end_date`, `subscription_plan_id`, `customer_id`) VALUES ('1987-06-10', '1970-06-21', 5, 95);
INSERT INTO `subscription` (`start_date`, `end_date`, `subscription_plan_id`, `customer_id`) VALUES ('2012-09-01', '1978-05-17', 5, 100);

INSERT INTO `content_type` (`id`, `name`) VALUES (6, 'a');
INSERT INTO `content_type` (`id`, `name`) VALUES (4, 'deserunt');
INSERT INTO `content_type` (`id`, `name`) VALUES (2, 'earum');
INSERT INTO `content_type` (`id`, `name`) VALUES (3, 'et');
INSERT INTO `content_type` (`id`, `name`) VALUES (9, 'praesentium');
INSERT INTO `content_type` (`id`, `name`) VALUES (8, 'quos');
INSERT INTO `content_type` (`id`, `name`) VALUES (10, 'rem');
INSERT INTO `content_type` (`id`, `name`) VALUES (5, 'veniam');
INSERT INTO `content_type` (`id`, `name`) VALUES (1, 'voluptas');
INSERT INTO `content_type` (`id`, `name`) VALUES (7, 'voluptate');

INSERT INTO `content_to_type` (`content_id`, `type_id`) VALUES (1, 1);
INSERT INTO `content_to_type` (`content_id`, `type_id`) VALUES (2, 2);
INSERT INTO `content_to_type` (`content_id`, `type_id`) VALUES (3, 3);
INSERT INTO `content_to_type` (`content_id`, `type_id`) VALUES (4, 4);
INSERT INTO `content_to_type` (`content_id`, `type_id`) VALUES (5, 5);
INSERT INTO `content_to_type` (`content_id`, `type_id`) VALUES (6, 6);
INSERT INTO `content_to_type` (`content_id`, `type_id`) VALUES (7, 7);
INSERT INTO `content_to_type` (`content_id`, `type_id`) VALUES (8, 8);
INSERT INTO `content_to_type` (`content_id`, `type_id`) VALUES (9, 9);
INSERT INTO `content_to_type` (`content_id`, `type_id`) VALUES (1, 10);
INSERT INTO `content_to_type` (`content_id`, `type_id`) VALUES (2, 1);
INSERT INTO `content_to_type` (`content_id`, `type_id`) VALUES (3, 2);
INSERT INTO `content_to_type` (`content_id`, `type_id`) VALUES (4, 3);
INSERT INTO `content_to_type` (`content_id`, `type_id`) VALUES (5, 4);
INSERT INTO `content_to_type` (`content_id`, `type_id`) VALUES (6, 5);
INSERT INTO `content_to_type` (`content_id`, `type_id`) VALUES (7, 6);
INSERT INTO `content_to_type` (`content_id`, `type_id`) VALUES (8, 7);
INSERT INTO `content_to_type` (`content_id`, `type_id`) VALUES (9, 8);
INSERT INTO `content_to_type` (`content_id`, `type_id`) VALUES (1, 9);
INSERT INTO `content_to_type` (`content_id`, `type_id`) VALUES (2, 10);
INSERT INTO `content_to_type` (`content_id`, `type_id`) VALUES (3, 1);
INSERT INTO `content_to_type` (`content_id`, `type_id`) VALUES (4, 2);
INSERT INTO `content_to_type` (`content_id`, `type_id`) VALUES (5, 3);
INSERT INTO `content_to_type` (`content_id`, `type_id`) VALUES (6, 4);
INSERT INTO `content_to_type` (`content_id`, `type_id`) VALUES (7, 5);
INSERT INTO `content_to_type` (`content_id`, `type_id`) VALUES (8, 6);
INSERT INTO `content_to_type` (`content_id`, `type_id`) VALUES (9, 7);
INSERT INTO `content_to_type` (`content_id`, `type_id`) VALUES (1, 8);
INSERT INTO `content_to_type` (`content_id`, `type_id`) VALUES (2, 9);
INSERT INTO `content_to_type` (`content_id`, `type_id`) VALUES (3, 10);
INSERT INTO `content_to_type` (`content_id`, `type_id`) VALUES (4, 1);
INSERT INTO `content_to_type` (`content_id`, `type_id`) VALUES (5, 2);
INSERT INTO `content_to_type` (`content_id`, `type_id`) VALUES (6, 3);
INSERT INTO `content_to_type` (`content_id`, `type_id`) VALUES (7, 4);
INSERT INTO `content_to_type` (`content_id`, `type_id`) VALUES (8, 5);
INSERT INTO `content_to_type` (`content_id`, `type_id`) VALUES (9, 6);
INSERT INTO `content_to_type` (`content_id`, `type_id`) VALUES (1, 7);
INSERT INTO `content_to_type` (`content_id`, `type_id`) VALUES (2, 8);
INSERT INTO `content_to_type` (`content_id`, `type_id`) VALUES (3, 9);
INSERT INTO `content_to_type` (`content_id`, `type_id`) VALUES (4, 10);
INSERT INTO `content_to_type` (`content_id`, `type_id`) VALUES (5, 1);
INSERT INTO `content_to_type` (`content_id`, `type_id`) VALUES (6, 2);
INSERT INTO `content_to_type` (`content_id`, `type_id`) VALUES (7, 3);
INSERT INTO `content_to_type` (`content_id`, `type_id`) VALUES (8, 4);
INSERT INTO `content_to_type` (`content_id`, `type_id`) VALUES (9, 5);
INSERT INTO `content_to_type` (`content_id`, `type_id`) VALUES (1, 6);
INSERT INTO `content_to_type` (`content_id`, `type_id`) VALUES (2, 7);
INSERT INTO `content_to_type` (`content_id`, `type_id`) VALUES (3, 8);
INSERT INTO `content_to_type` (`content_id`, `type_id`) VALUES (4, 9);
INSERT INTO `content_to_type` (`content_id`, `type_id`) VALUES (5, 10);
INSERT INTO `content_to_type` (`content_id`, `type_id`) VALUES (6, 1);
INSERT INTO `content_to_type` (`content_id`, `type_id`) VALUES (7, 2);
INSERT INTO `content_to_type` (`content_id`, `type_id`) VALUES (8, 3);
INSERT INTO `content_to_type` (`content_id`, `type_id`) VALUES (9, 4);
INSERT INTO `content_to_type` (`content_id`, `type_id`) VALUES (1, 5);
INSERT INTO `content_to_type` (`content_id`, `type_id`) VALUES (2, 6);
INSERT INTO `content_to_type` (`content_id`, `type_id`) VALUES (3, 7);
INSERT INTO `content_to_type` (`content_id`, `type_id`) VALUES (4, 8);
INSERT INTO `content_to_type` (`content_id`, `type_id`) VALUES (5, 9);
INSERT INTO `content_to_type` (`content_id`, `type_id`) VALUES (6, 10);
INSERT INTO `content_to_type` (`content_id`, `type_id`) VALUES (7, 1);
INSERT INTO `content_to_type` (`content_id`, `type_id`) VALUES (8, 2);
INSERT INTO `content_to_type` (`content_id`, `type_id`) VALUES (9, 3);
INSERT INTO `content_to_type` (`content_id`, `type_id`) VALUES (1, 4);
INSERT INTO `content_to_type` (`content_id`, `type_id`) VALUES (2, 5);
INSERT INTO `content_to_type` (`content_id`, `type_id`) VALUES (3, 6);
INSERT INTO `content_to_type` (`content_id`, `type_id`) VALUES (4, 7);
INSERT INTO `content_to_type` (`content_id`, `type_id`) VALUES (5, 8);
INSERT INTO `content_to_type` (`content_id`, `type_id`) VALUES (6, 9);
INSERT INTO `content_to_type` (`content_id`, `type_id`) VALUES (7, 10);
INSERT INTO `content_to_type` (`content_id`, `type_id`) VALUES (8, 1);
INSERT INTO `content_to_type` (`content_id`, `type_id`) VALUES (9, 2);
INSERT INTO `content_to_type` (`content_id`, `type_id`) VALUES (1, 3);
INSERT INTO `content_to_type` (`content_id`, `type_id`) VALUES (2, 4);
INSERT INTO `content_to_type` (`content_id`, `type_id`) VALUES (3, 5);
INSERT INTO `content_to_type` (`content_id`, `type_id`) VALUES (4, 6);
INSERT INTO `content_to_type` (`content_id`, `type_id`) VALUES (5, 7);
INSERT INTO `content_to_type` (`content_id`, `type_id`) VALUES (6, 8);
INSERT INTO `content_to_type` (`content_id`, `type_id`) VALUES (7, 9);
INSERT INTO `content_to_type` (`content_id`, `type_id`) VALUES (8, 10);
INSERT INTO `content_to_type` (`content_id`, `type_id`) VALUES (9, 1);
INSERT INTO `content_to_type` (`content_id`, `type_id`) VALUES (1, 2);
INSERT INTO `content_to_type` (`content_id`, `type_id`) VALUES (2, 3);
INSERT INTO `content_to_type` (`content_id`, `type_id`) VALUES (3, 4);
INSERT INTO `content_to_type` (`content_id`, `type_id`) VALUES (4, 5);
INSERT INTO `content_to_type` (`content_id`, `type_id`) VALUES (5, 6);
INSERT INTO `content_to_type` (`content_id`, `type_id`) VALUES (6, 7);
INSERT INTO `content_to_type` (`content_id`, `type_id`) VALUES (7, 8);
INSERT INTO `content_to_type` (`content_id`, `type_id`) VALUES (8, 9);
INSERT INTO `content_to_type` (`content_id`, `type_id`) VALUES (9, 10);
INSERT INTO `content_to_type` (`content_id`, `type_id`) VALUES (1, 1);
INSERT INTO `content_to_type` (`content_id`, `type_id`) VALUES (2, 2);
INSERT INTO `content_to_type` (`content_id`, `type_id`) VALUES (3, 3);
INSERT INTO `content_to_type` (`content_id`, `type_id`) VALUES (4, 4);
INSERT INTO `content_to_type` (`content_id`, `type_id`) VALUES (5, 5);
INSERT INTO `content_to_type` (`content_id`, `type_id`) VALUES (6, 6);
INSERT INTO `content_to_type` (`content_id`, `type_id`) VALUES (7, 7);
INSERT INTO `content_to_type` (`content_id`, `type_id`) VALUES (8, 8);
INSERT INTO `content_to_type` (`content_id`, `type_id`) VALUES (9, 9);
INSERT INTO `content_to_type` (`content_id`, `type_id`) VALUES (1, 10);